username,video_id,video_url,like_count,comment_count,share_count,save_count,description,scraped_at
aliphildan,7679728731778206997,https://www.tiktok.com/@aliphildan/video/7679728731778206997,0,0,0,0,,2026-09-02T10:16:13.674441
aliphildan,7678200418438008084,https://www.tiktok.com/@aliphildan/video/7678200418438008084,79.9K,316,2709,1669,Lantam kalii kau stepeen😭 @stevengunardilasut @Nigerian Woman @Acid 🔮 @Bang ucup @abang3adek,2026-09-02T10:16:55.168688
aliphildan,7677802473821588757,https://www.tiktok.com/@aliphildan/video/7677802473821588757,981,27,68,63,Nah ada lagi nih gebrakannya wardah! Cleanser Lightplus B5 Sensitif nya bantu tenangin kulit sensitif kamu. Eits tapi cek juga ya kira2 memang sensitif atau sensitized nih?#Lightplusbywardah #LightplusB5SensitiveFaceWash #FaceWash #lightplusb5fwreview,2026-09-02T10:17:43.773014
aliphildan,7677470306906623253,https://www.tiktok.com/@aliphildan/video/7677470306906623253,62.2K,259,599,1535,Pertemanan ini banyak bgt nangisnya😭👊🏻 good luck on ur new chapter! @Wildan Wijaksono cc @Lulu 🤎 @Bang ucup @ridho maulana @fadildcky 🤏 @Acid 🔮 @thisisoraiii @Kang Rizz Kan,2026-09-02T10:18:38.777623
aliphildan,7677436344884333845,https://www.tiktok.com/@aliphildan/video/7677436344884333845,4866,47,106,113,Mau kemana kitaa?✨ @Bang ucup @Lulu 🤎 @Acid 🔮 @fadildcky 🤏 @Wildan Wijaksono @ridho maulana,2026-09-02T10:19:34.641365
aliphildan,7676806814570204434,https://www.tiktok.com/@aliphildan/video/7676806814570204434,6653,186,59,107,Replying to @-  bedug beduugg✨,2026-09-02T10:20:20.840562
aliphildan,7675980613203135764,https://www.tiktok.com/@aliphildan/video/7675980613203135764,93.1K,479,2405,1419,Aku ga ikutan lagi yaach☺️✨ cc @Ganta 🐮 @Bang ucup @Acid 🔮 @Lulu 🤎 @Piscesboyy @drh. Ricky Halim dan Sashi @Park Ae-ri | Radims @abang3adek @FATTIHA✨ @Wildan Wijaksono,2026-09-02T10:21:16.544535
aliphildan,7675730369848560917,https://www.tiktok.com/@aliphildan/video/7675730369848560917,4131,203,186,55,Satu2nya lomba yg bisa aku ikutin✨😛 #fakesituation⚠,2026-09-02T10:22:16.885236
aliphildan,7675697444163816725,https://www.tiktok.com/@aliphildan/video/7675697444163816725,6205,53,50,74,Aku bagian dokumentasi yaach✨,2026-09-02T10:23:02.429261
aliphildan,7675582550017887495,https://www.tiktok.com/@aliphildan/video/7675582550017887495,67.1K,734,5944,786,Aku salah apa yaa kack?🥹✨ @Lulu 🤎 @drh. Ricky Halim dan Sashi #fakesituation⚠,2026-09-02T10:23:53.378268
aliphildan,7675309472029396244,https://www.tiktok.com/@aliphildan/video/7675309472029396244,0,0,0,0,,2026-09-02T10:24:31.100819
aliphildan,7675205323426221332,https://www.tiktok.com/@aliphildan/video/7675205323426221332,7144,72,45,90,Barang antik nih berkelas✨🤙🏻,2026-09-02T10:25:26.479816
aliphildan,7674965027702689045,https://www.tiktok.com/@aliphildan/video/7674965027702689045,83K,181,2075,1675,Pada ikutan lomba apa gaisss hari ini?✨🇮🇩,2026-09-02T10:26:05.447757
aliphildan,7674836724253461767,https://www.tiktok.com/@aliphildan/video/7674836724253461767,26.8K,447,319,270,"Aku infus whitening yaa, jan salah paham✨😊",2026-09-02T10:27:08.501457
aliphildan,7674172237871582484,https://www.tiktok.com/@aliphildan/video/7674172237871582484,0,0,0,0,,2026-09-02T10:28:09.438823
aliphildan,7673844128022678802,https://www.tiktok.com/@aliphildan/video/7673844128022678802,4276,130,111,78,Gini kaann?✨,2026-09-02T10:28:49.065510
aliphildan,7673455697190751509,https://www.tiktok.com/@aliphildan/video/7673455697190751509,286.1K,4580,117.5K,14.1K,Itu konsep ambulansnya disko gitu begimanaa😭 #jff #fakesituation⚠️ *semua atribut di konten ini hanya properti semata,2026-09-02T10:29:39.332240
aliphildan,7673435929775852821,https://www.tiktok.com/@aliphildan/video/7673435929775852821,5774,160,74,231,Padahal aku udah sekelihatanan ini tapi km malah ngelihat yg lain? Haduuh✨😮‍💨,2026-09-02T10:30:44.564380
aliphildan,7673001068409801991,https://www.tiktok.com/@aliphildan/video/7673001068409801991,50.1K,360,1320,673,"Kita lagi ngetes motoriknya kak ayman yaach✨🥹 #SaLiMan @Ayman Alatas @Ikhsanqthii, MD",2026-09-02T10:31:36.640322
aliphildan,7672605593873566997,https://www.tiktok.com/@aliphildan/video/7672605593873566997,51.8K,258,640,784,Semoga kamu juga sama yaa✨ coba tag teman2 kamu yg beginii🥺❤️ @Lulu 🤎 @Bang ucup @Acid 🔮 @Kang Rizz Kan @stevengunardilasut @fadildcky 🤏 @Wildan Wijaksono,2026-09-02T10:32:22.004002
aliphildan,7672665162947628296,https://www.tiktok.com/@aliphildan/video/7672665162947628296,23.6K,273,217,262,Aku nyanyi yaach✨🎶: @Raim Laode - Dunia yang Nanti,2026-09-02T10:33:25.217481
aliphildan,7671966915002256661,https://www.tiktok.com/@aliphildan/video/7671966915002256661,1481,29,118,46,Simple tapi kdg suka ga diperhatiin ygy✨,2026-09-02T10:34:20.651559
aliphildan,7671933875718802708,https://www.tiktok.com/@aliphildan/video/7671933875718802708,7675,290,188,91,Replying to @Doklip normal & Sume’eh aku tetep makan sehatt yaaach✨,2026-09-02T10:35:15.347363
aliphildan,7671628603536280853,https://www.tiktok.com/@aliphildan/video/7671628603536280853,23.2K,139,192,534,Doklip dateng ke nikahannya @Kadam Sidik yaahh✨🕊️,2026-09-02T10:36:01.997299
aliphildan,7671547068837629191,https://www.tiktok.com/@aliphildan/video/7671547068837629191,132.6K,993,1915,3242,Aku dapet sopenir yaach✨,2026-09-02T10:36:54.602824
aliphildan,7671279598339951880,https://www.tiktok.com/@aliphildan/video/7671279598339951880,121.7K,1557,5595,1884,MasyaAllah🕊️🥹✨ until jannah yaaa @Kadam Sidik,2026-09-02T10:37:47.154251
aliphildan,7671230842370297095,https://www.tiktok.com/@aliphildan/video/7671230842370297095,9125,92,76,118,Gausa nunggu yang aneh2✨☺️ #kadamsidik @Kadam Sidik,2026-09-02T10:38:42.808442
aliphildan,7671188878472236309,https://www.tiktok.com/@aliphildan/video/7671188878472236309,35.3K,830,756,530,"Yg nanya doklip dokter apa, aku dokter spesial yaah✨🤸🏻‍♂️",2026-09-02T10:40:31.136726
aliphildan,7670806333935029525,https://www.tiktok.com/@aliphildan/video/7670806333935029525,0,0,0,0,,2026-09-02T10:41:08.697327
aliphildan,7670297317257284885,https://www.tiktok.com/@aliphildan/video/7670297317257284885,297.1K,5063,56K,13.1K,"Fun fact: suka nyemilin es batu tuh bisa jadi bukan cuma iseng. 🧊Kebiasaan ini disebut pagophagia, salah satu bentuk pica yang sering dikaitkan dengan kekurangan zat besi (anemia defisiensi besi). Sampai sekarang penyebab pastinya belum sepenuhnya dipahami, tapi beberapa penelitian menunjukkan kalau mengunyah es bisa bikin otak terasa lebih “melek” sementara pada orang yang kekurangan zat besi.Tapi ingat ya, nggak semua orang yang suka makan es batu pasti anemia, dan nggak semua penderita anemia doyan es batu juga. Kalau kebiasaan ini muncul terus, apalagi disertai badan gampang capek, pucat, pusing, atau sesak saat aktivitas, sebaiknya periksa ke dokter dan cek darah. Jangan asal minum suplemen zat besi tanpa tahu penyebabnya✨",2026-09-02T10:41:45.601834
aliphildan,7670153357557828884,https://www.tiktok.com/@aliphildan/video/7670153357557828884,30K,448,706,420,Aku klarifikasi yaach✨,2026-09-02T10:42:38.403662
aliphildan,7669768875986259220,https://www.tiktok.com/@aliphildan/video/7669768875986259220,4861,70,113,137,Kalau nonton bioskop jangan lupa beli ini juga ya👀💧🩵,2026-09-02T10:43:27.543897
aliphildan,7669402907011288340,https://www.tiktok.com/@aliphildan/video/7669402907011288340,119.4K,1917,1742,1451,Replying to @Ryan Things xixixi🗿,2026-09-02T10:44:10.865625
aliphildan,7669283279371062548,https://www.tiktok.com/@aliphildan/video/7669283279371062548,589.9K,1581,18K,7084,Jangan kalian kira aku malu yaaach☺️✨,2026-09-02T10:44:45.194409
aliphildan,7668942030248103175,https://www.tiktok.com/@aliphildan/video/7668942030248103175,51.8K,2229,1525,1140,"Jangan main2 yaa, selama helikopter masih berputar doklip fine2 ajaa🥰✨ #fakesituation⚠",2026-09-02T10:45:31.933065
aliphildan,7668644343787457813,https://www.tiktok.com/@aliphildan/video/7668644343787457813,0,0,0,0,,2026-09-02T10:46:14.144685
aliphildan,7668636628147146005,https://www.tiktok.com/@aliphildan/video/7668636628147146005,25.8K,548,198,307,Ini namanya balance yaahh☺️,2026-09-02T10:47:16.894833
aliphildan,7667811802696273159,https://www.tiktok.com/@aliphildan/video/7667811802696273159,2498,39,91,105,"Siapa yg lututnya suka nyeri? 🙋🏻‍♂️Jangan langsung nyalahin faktor usia ya. Nyeri lutut bisa dialamin siapa aja, bahkan yang masih muda. Penyebabnya juga banyak, misalnya:1. Osteoarthritis (pengapuran) → tulang rawan menipis sehingga sendi terasa nyeri dan kaku.2. Cedera ligamen atau meniskus → biasanya setelah olahraga, jatuh, atau gerakan memutar lutut.3. Tendinitis (radang tendon) → akibat aktivitas berulang seperti lari atau melompat.4. Patellofemoral pain syndrome → nyeri di sekitar tempurung lutut, sering terasa saat naik turun tangga atau jongkok.5. Radang sendi (arthritis) → seperti rheumatoid arthritis atau asam urat yang menyebabkan nyeri dan bengkak.6. Bursitis → peradangan bantalan sendi karena tekanan atau gerakan berulang.7. Berat badan berlebih → meningkatkan beban pada sendi lutut sehingga lebih mudah nyeri.Makanya jangan asal minum obat nyeri terus dipaksa aktivitas, karena rasa sakitnya mungkin cuma tertutup sementara, sementara penyebab utamanya belum teratasi. Kalau nyeri berlangsung lebih dari beberapa minggu, sering kambuh, lutut bengkak, terasa goyah, terkunci, atau sampai susah berjalan, sebaiknya segera periksa ke dokter supaya penyebabnya bisa dipastikan dan ditangani dengan tepat✨ #EduKocak #doklip",2026-09-02T10:47:54.133139
aliphildan,7667491760213544212,https://www.tiktok.com/@aliphildan/video/7667491760213544212,14.4K,229,722,225,"Tau gak kenapa dar*h bisa naik ke selang infus? 🩸💉Salah satu penyebabnya adalah posisi kantong infus berada lebih rendah dari pembuluh darah atau aliran infus berhenti sementara. Akibatnya, tekanan di dalam pembuluh darah bisa mendorong darah masuk kembali ke selang infus (blood backflow). Kondisi ini juga lebih mudah terjadi jika tangan yang dipasang infus terlalu sering digerakkan atau posisi infus berubah.Kalau ini terjadi, jangan panik atau mencoba membetulkan infus sendiri. Pastikan kantong infus tetap berada lebih tinggi dari lengan, kurangi gerakan pada tangan yang dipasang infus, lalu segera beri tahu perawat atau tenaga kesehatan agar aliran infus dapat diperiksa dan dikembalikan dengan aman. @Acid 🔮 #fakesituation⚠️",2026-09-02T10:48:29.795922
aliphildan,7667157395117804808,https://www.tiktok.com/@aliphildan/video/7667157395117804808,43.7K,467,12.1K,1086,Atur🙂 #fakesituation⚠️️ #jff,2026-09-02T10:49:21.019291
aliphildan,7666433970896145685,https://www.tiktok.com/@aliphildan/video/7666433970896145685,11.5K,66,137,215,Jadi org stressful di acara yg colorful✨@Lulu 🤎,2026-09-02T10:50:12.621776
aliphildan,7666357658835766549,https://www.tiktok.com/@aliphildan/video/7666357658835766549,11.6K,70,123,332,Yang mana yg paling cocok gaiiss??✨ @abang3adek cc @Lulu 🤎,2026-09-02T10:51:33.666799
aliphildan,7666003648035458322,https://www.tiktok.com/@aliphildan/video/7666003648035458322,1525,42,27,27,Minggir bozzz✨ @Acid 🔮 @abang3adek,2026-09-02T10:52:13.128307
aliphildan,7665314659154627858,https://www.tiktok.com/@aliphildan/video/7665314659154627858,960,22,98,70,"Kenapa muka Gen Z sekarang keliatan lebih tua dari umurnya? Ternyata bukan cuma soal usia, tapi skin barrier yang udah rusak duluan — dan ini yang bisa bantu jaga kelembapan kulit kamu tiap hari. 🌿 @glad2glow.indo",2026-09-02T10:53:08.251531
aliphildan,7665301282860600596,https://www.tiktok.com/@aliphildan/video/7665301282860600596,4002,30,59,63,Pertama kali ke curuggg✨🤸🏻‍♂️ @Lulu 🤎 @Bang ucup @Acid 🔮 @fauzannoorqolbi @ridho maulana @abang3adek @Aidil Saputra @stevengunardilasut @Piscesboyy @drh. Ricky Halim dan Sashi @thisisoraiii #fakesituation⚠️,2026-09-02T10:54:04.051532
aliphildan,7665249719517596946,https://www.tiktok.com/@aliphildan/video/7665249719517596946,1887,31,51,27,Kan aku udah bilang dari awal. Cc: @Acid 🔮,2026-09-02T10:54:51.168580
aliphildan,7664807741004778773,https://www.tiktok.com/@aliphildan/video/7664807741004778773,196.6K,506,4423,3462,Obnerr 🛳️ #lucup🤎 @Lulu 🤎 @Bang ucup @Acid 🔮,2026-09-02T10:55:51.087900
aliphildan,7664448121975377173,https://www.tiktok.com/@aliphildan/video/7664448121975377173,2091,22,7,34,Dokter bengkel juga jadi✨🤙🏻,2026-09-02T10:56:32.739972
aliphildan,7663015670455553301,https://www.tiktok.com/@aliphildan/video/7663015670455553301,63.1K,430,960,974,Jujur gatau mo bikin caption gimana🥹😭🕊️ BERLAYARLAH KAWAN! @Kadam Sidik,2026-09-02T10:57:35.759400
aliphildan,7662664255979736341,https://www.tiktok.com/@aliphildan/video/7662664255979736341,1098,25,122,68,Siapa  dlu di kelasnya ada yg modelan begini? Wwkwkw #fakesituation⚠️,2026-09-02T10:58:36.839372
aliphildan,7662337718470397192,https://www.tiktok.com/@aliphildan/video/7662337718470397192,1346,25,28,108,Jalan-jalan naik kudaMending simak pideo guee daa! #fakesituation⚠️,2026-09-02T10:59:24.538507
aliphildan,7661888877879233812,https://www.tiktok.com/@aliphildan/video/7661888877879233812,35K,658,6250,658,"#bismillahchan💜 Kenapa lokasi tempat penyuntikkan itu beda-beda, ada yang di tangan, di paha, bahkan di bokong? 🗿⬇️Karena setiap jenis suntikan punya tujuan dan cara kerja yang berbeda. Ada obat atau vaksin yang memang harus masuk ke lapisan kulit (intradermal), ada yang disuntik ke jaringan lemak (subkutan), ada yang harus langsung ke otot (intramuskular), dan ada juga yang masuk ke pembuluh darah (intravena). Nah, setiap lapisan tubuh punya lokasi terbaik agar obat terserap dengan optimal, lebih nyaman, dan risiko cedera pada saraf atau pembuluh darah lebih kecil. Makanya tenaga kesehatan nggak asal pilih tempat suntik, semuanya disesuaikan dengan jenis obat, usia, kondisi pasien, serta tujuan terapinya. Cc @dictionarei",2026-09-02T11:00:03.699746
aliphildan,7661550340117974292,https://www.tiktok.com/@aliphildan/video/7661550340117974292,68.5K,1210,3913,1796,Mohon izin mengoreksi ✍️✨🙏🏻 #fakesituation⚠️,2026-09-02T11:00:59.941219
aliphildan,7660771877576559880,https://www.tiktok.com/@aliphildan/video/7660771877576559880,5473,113,70,64,Ya kali org semantepp gue masih gaada yg mau hufft😮‍💨✨,2026-09-02T11:02:00.572535
aliphildan,7660496285643967752,https://www.tiktok.com/@aliphildan/video/7660496285643967752,3488,76,220,175,Sakading ding alala bum bum 🐅✨ #doklip #EduKocak,2026-09-02T11:02:34.595992
aliphildan,7659275599483129109,https://www.tiktok.com/@aliphildan/video/7659275599483129109,332.4K,1139,29.6K,12.5K,MasyaAllah Tabarakallah✨ @Bang ucup @Lulu 🤎 @Acid 🔮 @stevengunardilasut @Wildan Wijaksono @iniZaidan @ridho maulana,2026-09-02T11:03:17.253952
aliphildan,7658976505694915847,https://www.tiktok.com/@aliphildan/video/7658976505694915847,398,11,135,24,Yg suka bingung pilih skincare coba dee kata gue liat ampe abiszsssz #fakesituation⚠️,2026-09-02T11:04:14.703881
aliphildan,7658607554125188372,https://www.tiktok.com/@aliphildan/video/7658607554125188372,390,11,131,24,Siapa suka mukbang?? Dengerin sampe akhir yee!,2026-09-02T11:04:54.262901
aliphildan,7658526325904330004,https://www.tiktok.com/@aliphildan/video/7658526325904330004,0,0,0,0,,2026-09-02T11:05:55.428085
aliphildan,7658206115599109394,https://www.tiktok.com/@aliphildan/video/7658206115599109394,5626,114,203,114,Ajarin joget brazil dong #fakesituation⚠️️,2026-09-02T11:06:31.722606
aliphildan,7657149144775101716,https://www.tiktok.com/@aliphildan/video/7657149144775101716,26.6K,465,1034,1572,Asli dah ngga tahan liat masih ada aja yang sembarangan mandiin bayi😭🙏🏻#fakesituation⚠ #KulitSensitif  #SabunAnak #BodyWash #Glowing,2026-09-02T11:07:13.328144
aliphildan,7657108489713618183,https://www.tiktok.com/@aliphildan/video/7657108489713618183,70.5K,1234,11.1K,2834,"Ternyata, dua jamu yang paling sering ditemui punya manfaat yang beda, lho. Beras kencur dikenal dapat membantu menghangatkan tubuh, meredakan rasa pegal, dan membuat badan terasa lebih segar. Efek ini berasal dari senyawa aktif pada kencur yang memiliki sifat antioksidan dan antiinflamasi. Sementara kunyit asem mengandung kurkumin dari kunyit dan asam jawa yang kaya antioksidan, sehingga sering dikonsumsi untuk membantu mengurangi peradangan ringan, meredakan nyeri haid pada sebagian orang, serta memberi sensasi segar.Walaupun begitu, jamu bukan obat ajaib ya. Manfaatnya bisa berbeda pada setiap orang, dan tetap sebaiknya dikonsumsi dalam jumlah yang wajar, terutama kalau ada tambahan gula. Jadi, boleh aja menikmati jamu sebagai bagian dari pola hidup sehat, tapi jangan lupa tetap makan bergizi, olahraga, dan tidur yang cukup. 🍃 #jff #fakesituation⚠",2026-09-02T11:08:06.306916
aliphildan,7656726016391433490,https://www.tiktok.com/@aliphildan/video/7656726016391433490,0,0,0,0,,2026-09-02T11:08:46.439131
aliphildan,7656705634603355413,https://www.tiktok.com/@aliphildan/video/7656705634603355413,4067,62,36,95,When ya when yaa…,2026-09-02T11:09:41.562381
aliphildan,7656655161527389448,https://www.tiktok.com/@aliphildan/video/7656655161527389448,8173,77,135,106,Replying to @shi'ac🧚🏻‍♀️ oke waktunya go public juga sama dr. Sashi🥰✨,2026-09-02T11:10:25.373821
aliphildan,7655583525629938952,https://www.tiktok.com/@aliphildan/video/7655583525629938952,71.9K,446,2255,1261,"Ngerti gak elooo!??✨ #SaLiMan @Ayman Alatas @Ikhsanqthii, MD #JagaIrama #fakesituation⚠ #fakebody",2026-09-02T11:11:26.355741
aliphildan,7655300592847441170,https://www.tiktok.com/@aliphildan/video/7655300592847441170,7450,112,115,140,Disituulaahhhh☺️ 감사합니다 🙇‍♂️ @Daehoon 대훈,2026-09-02T11:12:35.873356
aliphildan,7654822706994515218,https://www.tiktok.com/@aliphildan/video/7654822706994515218,23.6K,398,1817,267,Jalan2 dengan betis rodaku🏃🏻✨ @Ganta 🐮 #fakesituation⚠️ #fakebody,2026-09-02T11:13:38.841254
aliphildan,7654078761075232018,https://www.tiktok.com/@aliphildan/video/7654078761075232018,0,0,0,0,,2026-09-02T11:14:33.853023
aliphildan,7653741400764239112,https://www.tiktok.com/@aliphildan/video/7653741400764239112,70.1K,1336,3537,1248,"Part yg diemnya candu bgt jujur🥰 #SaLiMan #JagaIrama @Ayman Alatas @Ikhsanqthii, MD",2026-09-02T11:15:08.610298
aliphildan,7653444758949465352,https://www.tiktok.com/@aliphildan/video/7653444758949465352,40.7K,268,5921,649,Perkara ginian doang mah emg kerjaan sehari2 kitee😉 @drh. Ricky Halim dan Sashi #fakesituation⚠️ #fakebody,2026-09-02T11:16:10.661679
aliphildan,7653426353068379410,https://www.tiktok.com/@aliphildan/video/7653426353068379410,20.2K,53,182,147,Gini kan trendnya😉 #KulitKering #KulitSensitif #fakesituation⚠️,2026-09-02T11:16:46.560826
aliphildan,7652954792536411400,https://www.tiktok.com/@aliphildan/video/7652954792536411400,39.4K,335,1830,3102,Baca tulisannya aja minimal🥰🙏🏻 #SaLiMan #JagaIrama,2026-09-02T11:17:48.936371
aliphildan,7652620700343078162,https://www.tiktok.com/@aliphildan/video/7652620700343078162,432.5K,6703,31K,7624,"Partnya dr. Ayman canduu bgt 🕺🏻🤟🏻🤣  @Ayman Alatas @Ikhsanqthii, MD",2026-09-02T11:18:37.728784
aliphildan,7652361220913302791,https://www.tiktok.com/@aliphildan/video/7652361220913302791,37K,432,548,447,Ntah apaa….,2026-09-02T11:19:26.069641
aliphildan,7651922418042260754,https://www.tiktok.com/@aliphildan/video/7651922418042260754,61.4K,95,1502,1244,Sehat2 ya kak😭🔥 #NYALIP #tanyakelapkelip #fakesituation⚠️,2026-09-02T11:20:07.915224
aliphildan,7651606260910984466,https://www.tiktok.com/@aliphildan/video/7651606260910984466,37.3K,1856,48.5K,1920,"Gausah rebutan, ambil satu2! #fakesituation⚠️ @Acid 🔮 @Bang ucup",2026-09-02T11:21:06.971233
aliphildan,7651578554400001288,https://www.tiktok.com/@aliphildan/video/7651578554400001288,4331,110,106,87,Replying to @A. Sorry bgt soalnya udah terlalu banyak yg suka sama kita🥺☹️🙏🏻 #SaLiMan #jagairama #fakesituation⚠️,2026-09-02T11:21:56.530387
aliphildan,7651494968938253575,https://www.tiktok.com/@aliphildan/video/7651494968938253575,18.9K,539,873,459,"Jaga Irama udah sampe kota mana nih?🕺🏻🫀 #jagairama #SaLiMan @Ayman Alatas @Ikhsanqthii, MD",2026-09-02T11:24:34.371780
aliphildan,7651073167703690514,https://www.tiktok.com/@aliphildan/video/7651073167703690514,95.5K,784,4462,1703,Fix fyp isinya sekolahan semua #teachyoualesson,2026-09-02T11:25:07.937891
aliphildan,7650791807726701842,https://www.tiktok.com/@aliphildan/video/7650791807726701842,25.4K,418,1893,1540,Coba ada lagii gaak?🕺🏻 Nanti harry pottlip bacain✨📖 #fakesituation⚠️,2026-09-02T11:30:19.799869
aliphildan,7650005654043757832,https://www.tiktok.com/@aliphildan/video/7650005654043757832,15.4K,363,691,236,#jff #fakesituation⚠️,2026-09-02T11:31:07.401120
aliphildan,7649691916245749010,https://www.tiktok.com/@aliphildan/video/7649691916245749010,4369,36,165,115,"Plis dok, logbook aku masih kosong tanda tangannya🥺 #fakesituation⚠️",2026-09-02T11:31:49.015428
aliphildan,7649332397162761492,https://www.tiktok.com/@aliphildan/video/7649332397162761492,0,0,0,0,"Bener gak sih makan gorengan bikin jerawatan?Bisa, terutama kalau dikonsumsi terlalu sering dan berlebihan. Gorengan umumnya tinggi kalori dan lemak, yang dapat meningkatkan proses peradangan di dalam tubuh. Pada sebagian orang, kondisi ini bisa membuat produksi minyak di kulit meningkat dan jerawat jadi lebih mudah muncul atau bertambah parah. Belum lagi kalau gorengannya dimasak dengan minyak yang dipakai berulang kali, kandungan senyawa hasil oksidasinya juga bisa memicu stres oksidatif dan peradangan. Jadi kalau akhir-akhir ini jerawatmu makin aktif sementara konsumsi gorengan lagi sering-seringnya, mungkin ada hubungannya juga. Makanya selain menjaga kebersihan wajah, pola makan sehari-hari juga jangan dilupain ya! 🪩🕺🏻 @idmensbiore #SiapTampilAwesome",2026-09-02T11:32:35.399290
aliphildan,7648588842672475410,https://www.tiktok.com/@aliphildan/video/7648588842672475410,3088,59,194,125,"Pernah lagi nyaman2 mau tidur, eh tiba2 kerasa kayak kepleset atau jatuh dari ketinggian, terus badan nyentak dan langsung melek lagi? Fenomena ini namanya hypnic jerk atau sentakan hipnik, dan ini hal yang super normal dialami banyak orang. Jadi pas kita transisi dari kondisi sadar ke tidur, otot-otot mulai rileks total. Nah, ada teori yang bilang otak kita kadang “salah baca” sinyal otot yang mengendur ini sebagai tanda kita lagi jatuh, jadi refleks dia ngirim sinyal buat “nangkep” badan kita, makanya kerasa nyentak plus sensasi jatuh tadi. Pemicunya biasanya kecapekan banget, kurang tidur, stres atau cemas, kebanyakan kafein, atau olahraga berat mepet jam tidur. Solusinya gampang: coba kurangi kopi terutama sore-malam, atur jam tidur biar lebih teratur, kelola stres sebelum rebahan, dan hindari olahraga intens menjelang tidur. Selama nggak sampai ganggu kualitas tidur kamu tiap malam, ini nggak berbahaya sama sekali. Tapi kalau sentakannya sering banget sampai bikin susah tidur, baru deh konsultasi ke dokter ya 🩺✨",2026-09-02T11:33:36.392497
aliphildan,7648193046672116999,https://www.tiktok.com/@aliphildan/video/7648193046672116999,41.5K,141,1572,1278,"Katanya sih bentar, taunya bentar lagi udahan🤡✨",2026-09-02T11:34:16.757050
aliphildan,7647420152585129234,https://www.tiktok.com/@aliphildan/video/7647420152585129234,3620,70,232,56,"Salam sehat, salam interaksi🤗🌤️✨ #fakescene⚠️ #fakesituation⚠",2026-09-02T11:35:20.473163
aliphildan,7646750028559633682,https://www.tiktok.com/@aliphildan/video/7646750028559633682,1617,63,107,29,"Kak, jujur ga bagus loh",2026-09-02T11:35:55.242042
aliphildan,7646664533297122578,https://www.tiktok.com/@aliphildan/video/7646664533297122578,4617,137,116,67,Tebak umur @Acid 🔮,2026-09-02T11:36:48.703360
aliphildan,7646390545450798354,https://www.tiktok.com/@aliphildan/video/7646390545450798354,3976,107,59,60,@Kementerian Kesehatan RI #SaLiMan,2026-09-02T11:37:36.743755
aliphildan,7646380984123788562,https://www.tiktok.com/@aliphildan/video/7646380984123788562,50.8K,501,24K,1399,"Di tengah kebiasaan scroll yang makin panjang setiap hari, membaca buku sering dianggap hal yang sepele. Padahal dari sisi kesehatan, membaca buku punya banyak manfaat buat otak dan mental kita.Saat membaca, otak dilatih untuk fokus lebih lama, meningkatkan daya ingat, memperluas kemampuan berpikir, dan membantu mengurangi stres. Beberapa penelitian bahkan menunjukkan bahwa kebiasaan membaca secara rutin dapat membantu menjaga fungsi kognitif seiring bertambahnya usia. Berbeda dengan informasi singkat yang lewat begitu saja di media sosial, buku mengajak kita untuk berpikir lebih dalam, memahami suatu hal secara utuh, dan melatih kesabaran.Jadi, kalau kamu ingin investasi yang murah tapi manfaatnya bisa dirasakan seumur hidup, cobalah mulai meluangkan waktu beberapa halaman buku setiap hari. Otak juga butuh olahraga, dan salah satu bentuk olahraganya adalah membaca.",2026-09-02T11:57:34.760507
aliphildan,7645968707826486536,https://www.tiktok.com/@aliphildan/video/7645968707826486536,13K,119,874,431,"Kalau penyakit mata bisa sembuh pakai lintah, dokter mata udah buka peternakan lintah dari dulu🫪 #fakesituation⚠️",2026-09-02T11:59:04.064122
aliphildan,7645955678342860039,https://www.tiktok.com/@aliphildan/video/7645955678342860039,13.7K,319,551,309,"Heran, naro iphone masih ada ampe besok, naro pulpen 5 menit langsung ilang -_-",2026-09-02T12:01:02.255829
aliphildan,7644781672860323090,https://www.tiktok.com/@aliphildan/video/7644781672860323090,82.7K,565,2848,2170,Gue bener2 ga ngerti kenapa filter tiktok sebenci itu ama gueeeeeekk #jff #fakesituation⚠️,2026-09-02T12:01:40.505193
aliphildan,7644510411127082260,https://www.tiktok.com/@aliphildan/video/7644510411127082260,867,17,134,14,Hmm ada yang mau buat steak daging qurban? 🐮🐄,2026-09-02T12:02:20.045526
aliphildan,7644352946485923090,https://www.tiktok.com/@aliphildan/video/7644352946485923090,9741,61,650,284,Selamat idul adha gaiss✨ @Bang ucup @Acid 🔮 @Kang Rizz Kan @nando @Siwoyo🕷️,2026-09-02T12:03:14.791893
aliphildan,7644154748634991892,https://www.tiktok.com/@aliphildan/video/7644154748634991892,449,20,117,15,"POV ""Bukan mimpi! Macan ini lepas dari kandang, ternyata pergi keramas!""#shampoo #sensitif #gatal #sampoanak #rekomendasidokter",2026-09-02T12:04:05.501679
aliphildan,7644041835148561672,https://www.tiktok.com/@aliphildan/video/7644041835148561672,10.6K,103,274,227,"Tebak2an paling sulit di era ini✨😩 #SaLiMan @Ayman Alatas @Ikhsanqthii, MD",2026-09-02T12:04:54.910662
aliphildan,7643681153379159304,https://www.tiktok.com/@aliphildan/video/7643681153379159304,28.9K,481,912,459,"Pemanasan dulu #SaLiMan @Ayman Alatas @Ikhsanqthii, MD",2026-09-02T12:05:40.604277
aliphildan,7643431952799862024,https://www.tiktok.com/@aliphildan/video/7643431952799862024,4486,55,235,93,Bolu ketan apasih mksdnya?😭🤟🏻,2026-09-02T12:06:16.156628
aliphildan,7643296201089092882,https://www.tiktok.com/@aliphildan/video/7643296201089092882,5164,45,79,113,Dukung kak ayman jadi idol!🤗 @Ayman Alatas,2026-09-02T12:07:05.726817
aliphildan,7643075217866132757,https://www.tiktok.com/@aliphildan/video/7643075217866132757,1546,19,36,32,Semaleman gabisa berenti ketawa wkwkwk HBD YA SUFF!! @Bang ucup ✨👨🏽‍🦲,2026-09-02T12:08:02.519309
aliphildan,7642656822624652552,https://www.tiktok.com/@aliphildan/video/7642656822624652552,7703,86,390,354,Ditutoril dance brazil @Kang Rizz Kan @Lulu 🤎,2026-09-02T12:08:52.191517
aliphildan,7642569659761429778,https://www.tiktok.com/@aliphildan/video/7642569659761429778,8679,69,201,151,Jangan aja ampe divisum🤗 #jff #fakesituation⚠️,2026-09-02T12:09:27.575533
aliphildan,7642174819114568967,https://www.tiktok.com/@aliphildan/video/7642174819114568967,37.5K,1326,75.3K,1078,Kucing botak @Bang ucup,2026-09-02T12:10:08.183850
aliphildan,7641892291929443602,https://www.tiktok.com/@aliphildan/video/7641892291929443602,747,21,94,23,"Nggak ada yang bilang jaga gula darah itu gampang, apalagi kalau harus ngerem asupan kesukaan. Tapi setelah riset, ternyata penderita diabetes kayak Mbah Doklip nggak harus berhenti minum susu kok.Cukup pindah ke susu dengan indeks glikemik rendah dan tanpa gula tambahan. Susu ini bantu 'ngajak' tubuh proses gula lebih pelan, ditambah kandungan serat, protein, habbatussauda, serta kromium yang bantu jaga gula darah tetap stabil.Karena healthy habit itu bukan soal membatasi, tapi soal memilih yang lebih cerdas. Jadi, tetap bisa nikmatin segelas susu tanpa rasa cemas! 🪩🕺🏻#TropicanaSlimDiabtxMilk #SusuDiabetes",2026-09-02T12:13:42.748221
aliphildan,7641555795603295508,https://www.tiktok.com/@aliphildan/video/7641555795603295508,1851,48,66,33,Saran model rambut yang bagus dong gais👇🏻,2026-09-02T12:15:53.241703
aliphildan,7641124589086559509,https://www.tiktok.com/@aliphildan/video/7641124589086559509,26.5K,389,2812,750,Tidak ada vena yang bisa luput dari pandanganku😊😏 #jff #fakesituation⚠️,2026-09-02T12:16:52.041075
aliphildan,7639976697432935688,https://www.tiktok.com/@aliphildan/video/7639976697432935688,14.4K,260,62,177,lucu lagii😭👊🏻,2026-09-02T12:17:55.181120
aliphildan,7639691398081449223,https://www.tiktok.com/@aliphildan/video/7639691398081449223,3903,109,74,118,kecuali aku.,2026-09-02T12:18:48.742018
aliphildan,7639678457814764808,https://www.tiktok.com/@aliphildan/video/7639678457814764808,14K,599,1026,117,siap mengaum @Acid 🔮,2026-09-02T12:19:29.269976
aliphildan,7639306882795998471,https://www.tiktok.com/@aliphildan/video/7639306882795998471,9296,224,332,562,Yang terakhir doklip yakin pada gabisa✨😌,2026-09-02T12:20:19.973962
aliphildan,7639236650786114834,https://www.tiktok.com/@aliphildan/video/7639236650786114834,2582,105,52,21,parah bgt kalo ampe ga dapet best outfit✨ @Acid 🔮,2026-09-02T12:21:12.629854
aliphildan,7638904762225691922,https://www.tiktok.com/@aliphildan/video/7638904762225691922,3889,95,233,60,pentingnya kita cari yg sefrekuensi🤗✨,2026-09-02T12:21:59.239155
aliphildan,7638095393640795400,https://www.tiktok.com/@aliphildan/video/7638095393640795400,6297,197,166,64,🥹setelah penantian panjang….,2026-09-02T12:22:42.865785
aliphildan,7637844802171702546,https://www.tiktok.com/@aliphildan/video/7637844802171702546,24.9K,102,268,485,resepsi nikahan rasa disney land✨🌻 selamaatt penganten kuaci kitaaa😍☀️ @Arrofi ramadhan @annsekar🌻,2026-09-02T12:23:18.348470
aliphildan,7637407894274624775,https://www.tiktok.com/@aliphildan/video/7637407894274624775,30.5K,159,601,575,udah cocok ikut ninja warrior kan😎  #allbymyself,2026-09-02T12:24:04.860095
aliphildan,7637071004874984711,https://www.tiktok.com/@aliphildan/video/7637071004874984711,3124,53,28,77,Bener2 sekaget itu ampe dibahas terus 2 hari ini🤣✨🌹,2026-09-02T12:25:02.570446
aliphildan,7636984785692298514,https://www.tiktok.com/@aliphildan/video/7636984785692298514,3723,175,99,67,kemana plis tinggal sehari lagiiikk ✨,2026-09-02T12:25:44.055319
aliphildan,7636676256074976519,https://www.tiktok.com/@aliphildan/video/7636676256074976519,30K,283,418,415,"jujur bingung, jadi baiknya doklip support siapa?",2026-09-02T12:26:35.812388
aliphildan,7636614424458956040,https://www.tiktok.com/@aliphildan/video/7636614424458956040,73.4K,1290,4398,2891,maaf ya belum bisaa turun nemuin dulu😭🙏🏻✨,2026-09-02T12:30:26.812622
aliphildan,7636275285083704597,https://www.tiktok.com/@aliphildan/video/7636275285083704597,10.3K,103,586,371,at least dapet pahala 😇 ib: @geraldoaxel,2026-09-02T12:31:06.471462
aliphildan,7635250631560695047,https://www.tiktok.com/@aliphildan/video/7635250631560695047,1.5M,14.8K,325K,45.3K,SAAHHH!! pasangan kuaci kita 🌻✨ @Arrofi ramadhan @annsekar🌻,2026-09-02T12:31:53.760295
aliphildan,7635135230948461832,https://www.tiktok.com/@aliphildan/video/7635135230948461832,127.8K,654,4933,3381,🥀 terjadi lagi @Kementerian Kesehatan RI,2026-09-02T12:32:45.223812
aliphildan,7634871191760538901,https://www.tiktok.com/@aliphildan/video/7634871191760538901,873,27,144,36,pokoknyaa gueee dokter teramah se-Indonesia Raya!!!!✨ #CeraVeID #ClearYourSkinLikeADerm #JuaranyaCeramides #CeraVePartner #partnership,2026-09-02T12:33:19.454237
aliphildan,7634851463222594834,https://www.tiktok.com/@aliphildan/video/7634851463222594834,13.7K,626,673,240,ini seriusan?,2026-09-02T12:34:16.416125
aliphildan,7634051548259077396,https://www.tiktok.com/@aliphildan/video/7634051548259077396,2822,47,137,112,siapa mau bantu tante lalip ngelahirin inii eeh???✨,2026-09-02T12:34:58.098434
aliphildan,7633644206245907730,https://www.tiktok.com/@aliphildan/video/7633644206245907730,8176,121,285,147,vaksin F3 nya jangan lupa yaa pawrents💉😉,2026-09-02T12:36:26.090086
aliphildan,7633267833064967442,https://www.tiktok.com/@aliphildan/video/7633267833064967442,4700,65,92,80,Inilah jalan ninjaku✨💪🏻,2026-09-02T14:03:52.209770
aliphildan,7632933860258434324,https://www.tiktok.com/@aliphildan/video/7632933860258434324,3114,70,161,119,kalo setahun ngekos bajunya ga dicuci sebulan(?)✨🦶🏻,2026-09-02T14:06:56.438914
aliphildan,7632654162307730708,https://www.tiktok.com/@aliphildan/video/7632654162307730708,10.7K,226,179,363,atur seplenger mungkin🕺🏻🪩☀️✨,2026-09-02T14:07:33.422081
aliphildan,7632167002886507783,https://www.tiktok.com/@aliphildan/video/7632167002886507783,61.5K,874,2919,1055,kalo sama dokter hewan gimana yaa kira-kira?🙂,2026-09-02T14:08:12.944336
aliphildan,7631808655679180050,https://www.tiktok.com/@aliphildan/video/7631808655679180050,22.8K,305,1015,786,"#stitch with  Nii lagi rame soal totok sirih, tapi kalau sampai anak dipijat keras sampai kesakitan itu jelas bukan terapi yang aman. Pijat seharusnya bikin nyaman, bukan bikin anak nangis. Sampai sekarang belum ada bukti ilmiah kalau totok sirih bisa menyembuhkan penyakit, jadi jangan dijadikan pengganti pengobatan medis. Kalau cuma pijat ringan buat relaksasi masih oke, tapi kalau anak sakit tetap periksa ke tenaga kesehatan ya. Jangan sampai niatnya mau sembuhin, malah bikin cedera bu ibuuuk🥹✨🙏🏻",2026-09-02T14:08:52.437024
aliphildan,7631539994821233940,https://www.tiktok.com/@aliphildan/video/7631539994821233940,11K,92,112,153,yang mau tanya seputar imunisasi boleh komen yaa insyaAllah doklip jawab🫶🏻🤗✨,2026-09-02T14:09:32.097650
aliphildan,7631171265897794837,https://www.tiktok.com/@aliphildan/video/7631171265897794837,2673,55,71,45,Day 1 magang di Kemenkes @Kementerian Kesehatan RI,2026-09-02T14:10:08.633589
aliphildan,7630732234315648276,https://www.tiktok.com/@aliphildan/video/7630732234315648276,7000,128,103,232,"Doklip ga pernah malu buat berteman sama yang lebih muda, serius deh energi mereka bener2 bikin hidup lebih ngiduppp lagii🔥. Kadang kita juga butuh perspektif yang lebih segar. Berteman sama yang lebih muda ngajarin doklip banyak hall terutama soal menikmati hidup dengan lebih ringan + jadi awet muda ga tssii☺️😌 Terima kasih teman2 calon dokter gigi FKG Unissula Semarang 📸🦷",2026-09-02T14:11:08.314704
aliphildan,7630311915301899527,https://www.tiktok.com/@aliphildan/video/7630311915301899527,42.5K,301,551,374,ya kaliiii 🙂‍↔️🐦 @Ayman Alatas,2026-09-02T14:11:55.879706
aliphildan,7630282827279469845,https://www.tiktok.com/@aliphildan/video/7630282827279469845,1330,41,86,79,gimana kalo ada orang2 yang ga suka sama kita?,2026-09-02T14:12:33.441329
aliphildan,7630041880343989525,https://www.tiktok.com/@aliphildan/video/7630041880343989525,5208,109,627,98,gapapa mataharinya per orang☀️ yg penting kicauu dulu gess🤙🏻 SEE U AGAIN SEMARANG AAAA!! belum puas makan lumpiaaaa,2026-09-02T14:13:31.076734
aliphildan,7630022465946717461,https://www.tiktok.com/@aliphildan/video/7630022465946717461,3892,53,85,42,jagain adik2 FKG Unissula oobeneerr🤏🏻✨,2026-09-02T14:15:24.129446
aliphildan,7629534648263036168,https://www.tiktok.com/@aliphildan/video/7629534648263036168,29.8K,291,351,278,#stitch with  kicauu dulu san🫀,2026-09-02T14:16:26.030795
aliphildan,7628900509759409426,https://www.tiktok.com/@aliphildan/video/7628900509759409426,247.2K,950,57.4K,8259,buruaan giihh berobat ke dokter mataaa😭 ambil ni surat rujukannya!📃,2026-09-02T14:17:06.587467
aliphildan,7628830323702271240,https://www.tiktok.com/@aliphildan/video/7628830323702271240,4812,127,172,191,"Faktanya, kucing memang bisa membawa parasit Toxoplasma gondii yang menyebabkan toksoplasmosis. Tapi penularannya bukan dari sekadar pegang atau peluk kucing, melainkan dari kontak dengan feses kucing yang terinfeksi (itu pun biasanya pada kucing yang jarang dirawat atau makan sembarangan). Bahkan, sebagian besar kasus justru berasal dari makanan mentah atau kurang matang, bukan dari kucing peliharaan.Dan yang paling penting: toksoplasmosis tidak menyebabkan mandul. Dampak yang perlu diperhatikan lebih ke kehamilan (terutama infeksi pertama saat hamil), bukan kesuburan secara umum.Jadi, selama kamu menjaga kebersihan (cuci tangan, bersihkan litter box dengan benar, dan pastikan kucing sehat), melihara kucing itu aman kok. Jangan sampai mitos bikin kamu takut sama hal yang sebenarnya bisa dicegah.",2026-09-02T14:17:45.132125
aliphildan,7628492681550826759,https://www.tiktok.com/@aliphildan/video/7628492681550826759,1796,13,107,89,Kawal terus gais😢🙏🏻,2026-09-02T14:18:22.589082
aliphildan,7627020041778728210,https://www.tiktok.com/@aliphildan/video/7627020041778728210,72.9K,478,3498,1939,sekarang dia udah ngerti main tiktok @Doklip normal & Sume’eh,2026-09-02T14:19:31.480201
aliphildan,7626959760868297991,https://www.tiktok.com/@aliphildan/video/7626959760868297991,111.6K,619,1537,1495,"giliran yg beginian bisa one take😒 @Ayman Alatas @Ikhsanqthii, MD #SaLiMan",2026-09-02T14:20:15.116430
aliphildan,7626350535213419783,https://www.tiktok.com/@aliphildan/video/7626350535213419783,418.2K,3180,9063,8147,"siap brantem tiap hari☺️☝🏻 #SaLiMan @Ikhsanqthii, MD @Ayman Alatas",2026-09-02T14:20:55.659654
aliphildan,7625956338773937428,https://www.tiktok.com/@aliphildan/video/7625956338773937428,4624,137,1051,744,"Noh, badan yang berasa makin ""lebar-an"" emang paling bener bantu entenginnya pakai serat. Tapi wajibb diimbangin sama lifestyle sehat, rajin olahraga, dan banyak minum air putih ya, biar kerja ususnya optimal👹",2026-09-02T14:21:39.169354
aliphildan,7625524264485113096,https://www.tiktok.com/@aliphildan/video/7625524264485113096,9555,58,69,118,sumpa jangan salahin gue san😐☝🏻,2026-09-02T14:22:15.638156
aliphildan,7625243842559741191,https://www.tiktok.com/@aliphildan/video/7625243842559741191,14.6K,518,436,208,"Replying to @Ikhsanqthii, MD  VIRALKAN‼️",2026-09-02T14:23:01.171465
aliphildan,7625166535962774791,https://www.tiktok.com/@aliphildan/video/7625166535962774791,33.7K,497,9614,811,atur seplenger mungkin☺️🙏🏻✨,2026-09-02T14:24:00.891135
aliphildan,7624821057152765202,https://www.tiktok.com/@aliphildan/video/7624821057152765202,2936,61,92,49,y x.,2026-09-02T14:25:00.617301
aliphildan,7624456464861515016,https://www.tiktok.com/@aliphildan/video/7624456464861515016,3578,243,396,60,Replying to @Ariiiik🐻 maap kemaren lupa pake skin🙏🏻,2026-09-02T14:26:25.735393
aliphildan,7624062441546190098,https://www.tiktok.com/@aliphildan/video/7624062441546190098,144.6K,560,2793,2336,kata orang2 mah ‘air laut asin sendiri’ 😒,2026-09-02T14:27:16.403584
aliphildan,7623688211918834951,https://www.tiktok.com/@aliphildan/video/7623688211918834951,2512,83,83,78,udah 5 kali gagal😭😭😭 lagi pake muter2 sih nyebrangnya!!,2026-09-02T14:28:10.251357
aliphildan,7623651396650421512,https://www.tiktok.com/@aliphildan/video/7623651396650421512,3032,29,114,134,Ngaku siapa yang selama puasa kemarin kayak gini? 😌#LaRochePosayID #MedInfluencersLDB #AntheliosUVAir #Skinlifechanger #SunscreenSatSet,2026-09-02T14:29:06.972815
aliphildan,7623361669514775815,https://www.tiktok.com/@aliphildan/video/7623361669514775815,303.4K,5499,28.7K,7786,aturrr deh aturrr☺️,2026-09-02T14:30:05.665702
aliphildan,7622156977099066642,https://www.tiktok.com/@aliphildan/video/7622156977099066642,3797,58,88,78,"Innalillahi wa innailaihi rojiun, stop konspirasi2 ngawur‼️ plis banget jangan terpengaruh sama omongan2 yg gaada data bukti ilmiahnya😭 sedih banget #vaksin ##antivaksin#campak",2026-09-02T14:30:58.168189
aliphildan,7622118967821323538,https://www.tiktok.com/@aliphildan/video/7622118967821323538,3655,112,217,40,"perkenalkan saya doklip, Furab cabang kemanggisan💜",2026-09-02T14:31:39.709547
aliphildan,7621465975266757909,https://www.tiktok.com/@aliphildan/video/7621465975266757909,14.8K,308,198,281,SERAH LU TIKTOK!!! GUE GAMAU MAINAN PILTER DULUU LAGII‼️‼️ #jff #fakesituation,2026-09-02T14:32:28.405891
aliphildan,7621107499453664530,https://www.tiktok.com/@aliphildan/video/7621107499453664530,8098,180,631,320,Yang suka berdebar2 itu ga semua karena masalah di jantung yaa….  Bisa jadi minta ditamPOL 🙏🏻,2026-09-02T14:33:28.150919
aliphildan,7621023162494405895,https://www.tiktok.com/@aliphildan/video/7621023162494405895,48.8K,252,385,565,6 tahun sekolah ngapain ajee 😒,2026-09-02T14:34:06.698666
aliphildan,7620758702747913480,https://www.tiktok.com/@aliphildan/video/7620758702747913480,33.6K,277,272,279,Apa ya rasanya punya pacar sepuluh?🧐🤓 #npd 🎶dc: @#BROTSPLOSION,2026-09-02T14:35:08.454172
aliphildan,7620650947034893586,https://www.tiktok.com/@aliphildan/video/7620650947034893586,2260,72,92,64,"with Terus kenapa ada yang jadi lesung pipi pas dikasih cabe?Karena kebetulan! bukan karena cabenya! Anaknya memang udah punya potensi lesung pipi, cuma belum kelihatan. Seiring waktu, baru muncul.",2026-09-02T14:36:06.246214
aliphildan,7620057660292910343,https://www.tiktok.com/@aliphildan/video/7620057660292910343,2352,84,142,52,lebaran hari ke-2 full turu,2026-09-02T14:37:11.092156
aliphildan,7619681630445358357,https://www.tiktok.com/@aliphildan/video/7619681630445358357,53.2K,215,537,733,sorry pemula,2026-09-02T14:38:47.663488
aliphildan,7619648586678062354,https://www.tiktok.com/@aliphildan/video/7619648586678062354,4302,60,118,127,lohh bukannya pas lebaran mau dikenalin sama ortu kamu?🤡,2026-09-02T14:39:23.651250
aliphildan,7619310026586443029,https://www.tiktok.com/@aliphildan/video/7619310026586443029,3890,139,51,65,Malem takbiran pada kemanaa??,2026-09-02T14:40:04.232336
aliphildan,7619239337552514322,https://www.tiktok.com/@aliphildan/video/7619239337552514322,45.2K,558,4150,1240,“menjaga silaturahmi🙏🏻✨”,2026-09-02T14:40:41.768392
aliphildan,7618579928325344520,https://www.tiktok.com/@aliphildan/video/7618579928325344520,3595,57,102,83,bismillah semoga tahun ini rejekinya✨🤲🏻 @Indosiar ib: kak @shadirafirdausi #phonk #brazilianphonk #nobatidao,2026-09-02T14:41:56.041208
aliphildan,7618149354502769927,https://www.tiktok.com/@aliphildan/video/7618149354502769927,389,21,116,28,Semoga tipsnya membanting 🕺🏻🪩#EmergencySkinReset #LebaranGlowing #LightplusbyWardah,2026-09-02T14:42:58.557300
aliphildan,7617838989302680852,https://www.tiktok.com/@aliphildan/video/7617838989302680852,3970,37,51,62,sorry reflek🙏🏻 namanya jg lagi puasa suka gak fokus🤗,2026-09-02T14:43:36.017968
aliphildan,7617759669074922760,https://www.tiktok.com/@aliphildan/video/7617759669074922760,5377,146,175,171,"Bukannya kita anti-herbal, tapi TBC itu penyakit infeksi serius yang pengobatannya sudah jelas ada standarnya.Sampai sekarang, belum ada herbal yang terbukti bisa menggantikan terapi obat TBC (OAT) di guideline medis. Herbal boleh saja sebagai pendamping, tapi bukan pengganti obat utama.Karena kalau TBC tidak diobati dengan benar, bukan cuma nggak sembuh tapi bisa jadi kebal obat dan makin sulit ditangani. #tbc #herbal #doklip #edukocak ib: @she4mandaoo4",2026-09-02T14:44:20.612378
aliphildan,7617466753878166792,https://www.tiktok.com/@aliphildan/video/7617466753878166792,4236,67,307,127,"sekian tips dari saya cc @Ikhsanqthii, MD @Ayman Alatas",2026-09-02T14:45:24.449933
aliphildan,7617236936473808136,https://www.tiktok.com/@aliphildan/video/7617236936473808136,14.3K,81,117,249,yg dibelakang sibuk meet & greet di live,2026-09-02T14:46:04.925747
aliphildan,7617095007454907656,https://www.tiktok.com/@aliphildan/video/7617095007454907656,43.9K,411,671,1033,"yg baju item belakang gerakannya sesuai keyakinan🤗 @Ikhsanqthii, MD @Nicho Saputra Nugraha @Ayman Alatas",2026-09-02T14:46:51.525186
aliphildan,7616855270202821895,https://www.tiktok.com/@aliphildan/video/7616855270202821895,5280,52,52,76,ada yang tau siapa? sungguh anehh🧐🤨,2026-09-02T14:47:31.067333
aliphildan,7616668101781818632,https://www.tiktok.com/@aliphildan/video/7616668101781818632,9979,47,47,112,alhamdulillah masyaAllah🤗,2026-09-02T14:48:18.783643
aliphildan,7616482309969169684,https://www.tiktok.com/@aliphildan/video/7616482309969169684,3929,135,73,77,GUE UDAH KE YG NOMOR 2 DARI KIRI LOHHH TIKTOOOKKK!!!!,2026-09-02T14:49:01.293166
aliphildan,7616529711950236949,https://www.tiktok.com/@aliphildan/video/7616529711950236949,22.3K,576,489,726,izin menanggapi dengan keterbatasan keilmuan saya sebagai dokter umum🙏🏻 mohon koreksi. *agak panjang durasinya tapi semoga ditonton ampe habis #vaksin #campak,2026-09-02T14:49:40.884347
aliphildan,7616470174119628040,https://www.tiktok.com/@aliphildan/video/7616470174119628040,2402,93,130,40,"Kebutuhan protein orang dewasa umumnya sekitar 0,8–1 gram per kg berat badan per hari.Contoh:BB 60 kg → butuh sekitar 48–60 gram protein/hari.Jadi pas sahur jangan cuma karbo doang ya… tambahin telur, ayam, ikan, tahu, tempe, atau yogurt biar puasanya lebih kuat 💪🏻 #Doklip #EduKocak",2026-09-02T14:51:26.241297
aliphildan,7616075416993893639,https://www.tiktok.com/@aliphildan/video/7616075416993893639,19.4K,120,211,195,"😒 @Ikhsanqthii, MD",2026-09-02T14:52:14.070516
aliphildan,7615360498552704276,https://www.tiktok.com/@aliphildan/video/7615360498552704276,8484,140,133,177,gaboleh sering2 🙏🏻 plenger is my life✨,2026-09-02T14:52:55.623144
aliphildan,7615191025769876744,https://www.tiktok.com/@aliphildan/video/7615191025769876744,10.2K,158,138,240,manifesting dulu🙏🏻,2026-09-02T14:53:39.169698
aliphildan,7614760057829412117,https://www.tiktok.com/@aliphildan/video/7614760057829412117,6784,58,211,268,Sambil nunggu yang lain #YMMA @ridho maulana @fauzannoorqolbi,2026-09-02T14:54:27.853423
