id,unique_id,nickname,signature,verified,num_following,num_followers,num_videos,num_likes,createtime,scraping_status
7314382345419129862,.edukasikesehatan,MADU.ASLI,"",false,1,22700,1722,216500,2023-12-19T18:59:09.000000+0000,Public
6771721726502929414,abdullah_yw,عبدالله العلاوي,أعيش ببطء 🧠 | للأعمال: 0506788878 | رابط البايو 👇🏻,true,193,3100000,1735,49900000,2019-12-18T10:18:48.000000+0000,Public
7274645544453981190,aboveboardskincare,ABOVEBOARD SKINCARE,BPOM & HALAL CERTIFIED. Honest skincare without overclaim & fear-mongering.,false,1,263000,35,662500,2023-09-03T17:00:04.000000+0000,Public
7098948585736029186,adadoktergigi,Klinik Gigi Ada Dokter Gigi,IG : @adadoktergigi @gracety.shabrina Edukasi&layanan perawatan gigi Ditangani oleh dokter gigi berizin 📍Kota Bandung 📲 RSVP WA resmi di bawah,false,232,25800,782,534700,2022-05-18T05:46:08.000000+0000,Public
6784718409063515138,adengrhni,adeee,"if anything, DM ✨",false,135,13100,878,184300,2020-01-22T10:52:34.000000+0000,Public
6839023630983414786,adityaspratamaa,dr. Aditya,"",true,989,1200000,1129,28100000,2020-06-16T19:04:33.000000+0000,Public
6756707119401550849,akupintar.id,Aku Pintar,Bantu Temukan Potensi Terbaik Siswa dengan AkuPintar+  Lebih Terarah dan Siap Dampingi Kapanpun 🎓 👇🏻 Daftar dan Coba Semua Fiturnya! 👇🏻,false,6,232700,1664,6400000,2019-11-07T23:14:27.000000+0000,Public
7400022119075677189,alifperatama84,𝕋𝕦𝕒𝕟 𝕞𝕦𝕕𝕒,"📌, untuk menghibur orang ☺️🤗 ⬇️ ⬇️ ☑️Terimakasih banyak orang² baik sudah mendukung saya sejauh ini ☺️☺️",false,25,31000,531,452000,2024-08-06T13:45:13.000000+0000,Public
6645562619456438273,aliphildan,Doklip✨ | Alip Hildan,📍JKT Doklip dari universe lain🤸🏻‍♂️🪐 kadang dokter kadang pasien,false,250,408100,1066,35700000,2019-01-12T10:57:02.000000+0000,Public
6787626300091991042,alodokter.id,Alodokter,"Chat Bersama Dokter, Respons Cepat Jawaban Akurat. Download Alodokter Sekarang!",true,1,486700,676,2200000,2020-01-30T06:56:40.000000+0000,Public
6763121762642854914,alyaawinata,dr. alya winata✨,Medical Doctor🩺 click link for business inq📮,false,555,10000,326,952400,2019-11-25T06:06:33.000000+0000,Public
6809575424701629446,amatistadentalgroup,Amatista Dental Group,Smile Design| Full reconstruction 10+cities • 3 countries 🇲🇽🇩🇴🇨🇴 In-house lab • 30k+ patients ⬇️FREE ONLINE CONSULTATION📲,false,6021,193100,1303,397000,2020-03-29T10:30:29.000000+0000,Public
54818206489546752,amberdokter,Amber Dokter,👩‍⚕️ Dokter is mijn achternaam 👀 Onder toezicht CvdM 📧 amber@zeth.nl,false,133,805100,807,43800000,1970-05-28T17:22:38.000000+0000,Public
7345015823083504646,amuridentalclinic,amuridentalclinic,Operasional Hari Senin-Sabtu (Minggu Tutup) 🕐10.00-20.00 WITA 📍Kota MAKASSAR & Kab.GOWA  📍Sulawesi Selatan  ✅KONSULTASI GRATIS (Klik Link WA)👇🏻,false,18,14000,638,610700,2024-03-11T08:12:41.000000+0000,Public
7149484833563493377,anak.kesehatan,anak kesehatan,*menerima mahasiswa/ i baru  LANGSUNG DM DI IG 🙏 IG @anak.kesehatan,false,191,49800,1427,382900,2022-10-01T10:12:35.000000+0000,Public
6777380478723851270,anaklo25,خلودي25 | KLOoODE25,N💍  Youtuber +4M | K25@powr.sa +966 58 232 7503,true,226,701500,97,3300000,2020-01-02T16:17:39.000000+0000,Public
6819502026071852034,analisa.widyaningrum,Analisa | Psychologist,Psychologist CEO @apdcindonesia  Instagram : @analisa.widyaningrum,false,1,395400,253,3100000,2020-04-25T04:30:46.000000+0000,Public
6778138869445690369,ananzaprili,"Ananza, Psikolog",Bantu km jadi versi terbaik diri sendiri✨ Self-Dev | Psychology | Lifestyle,true,633,804900,223,34400000,2020-01-04T17:20:35.000000+0000,Public
6783947811740271617,andreadianbimo,AndreaDianBimo,"Fitness & Lifestyle | NASM Coach Move stronger, feel better 🫶",true,72,809900,432,14400000,2020-01-20T09:02:15.000000+0000,Public
6782175634431198210,angeliacd,dr.angelia,Q and A di IG aja :  dr.angeliacd,false,27,390700,374,7100000,2020-01-15T14:25:18.000000+0000,Public
6971807907365028869,aprokodoctor,Aproko Doctor,The doctor that speaks your language,true,668,2600000,1439,74500000,2021-06-09T14:55:22.000000+0000,Public
6619555618519924738,arahvirtucio,Doc Arah,🩺Veterinarian🐾 🏥FIVE PAWS VETERINARY CLINIC👩🏻‍⚕️ ✨vetmed | pet health | lifestyle✨,true,565,424800,936,7400000,2018-11-03T08:56:35.000000+0000,Public
7156166190934901762,asakesehatan.id,Asa Kesehatan,Follow untuk GRATIS KONSULTASI kesehatan !  Produk rekomendasi OFFICAL 👇👇👇,false,40,78200,1954,1200000,2022-10-19T10:19:40.000000+0000,Public
6750970232870978561,asiyahhauraz,sisi,'02  Social Media Inquiries: +62817210988 DM for collabs,false,146,176100,448,12200000,2019-10-23T12:12:24.000000+0000,Public
7028473713872241665,asma_dental,Klinik Pergigian Asma,"1425781-T 📍Kota Tinggi, Johor Braces | Whitening | Denture | Crown | Xray",false,70,11000,341,128000,2021-11-09T07:47:38.000000+0000,Public
6781458999520936961,attarischaa,"Agata IP, M.Psi., Psikolog",#belajar1hal psikologi | relationship | mental health | self-dev | Pesan buku saya ⬇️,false,198,383000,1618,12800000,2020-01-13T16:04:23.000000+0000,Public
6776992777324659714,aymanalts,Ayman Alatas,dr. Ayman Alatas Sp.MK Skin and Gut Microbiome expert,true,345,2000000,4191,183900000,2020-01-01T15:13:10.000000+0000,Public
6787593174028174337,ayosehat.kemkes,Ayo Sehat Kemenkes RI,Akun TikTok Tempatnya Informasi Kesehatan Kemenkes RI,true,155,26500,362,132900,2020-01-30T04:48:07.000000+0000,Public
7035614166808314907,azakipimpleclinic,Azaki Pimple Clinic,"Dermatologists ACNE, ACNE SCARS, MARKS Effective online consult Budget friendly",false,0,304800,912,2800000,2021-11-28T13:36:14.000000+0000,Public
7451820883314918407,badangizinasional.ri,badangizinasional.ri,Akun resmi Badan Gizi Nasional Republik Indonesia,true,2,126100,469,561900,2024-12-24T03:50:52.000000+0000,Public
6823840086816228358,beachgem10,Beachgem10,"Mom of 4. Peds ER doc. DrBeachgem@underscoretalent.com PO Box 57 St. Pete, FL 33731 Views are my own",true,2878,2700000,2518,95100000,2020-05-06T21:04:39.000000+0000,Public
7060389203028608001,bektimd,DokterDesa🩺👨‍🌾,New mom ngurus newborn🤰👶🏻 Senang belanja perabotan rumah ❤️‍🔥 Seorang dokter 🩺💊,false,5638,46500,3311,194600,2022-02-03T07:56:02.000000+0000,Public
7490394707937149957,betoelbotiquin,Beto EL Botiquín 👨🏻‍⚕️,👨🏻‍⚕️ Enfermero Especialista 🎙️ Podcast: @betoelenfermero ❤️ Principal: @Beto eL Enfermero 👨🏻‍⚕️ @Beto El Enfermo1 👨🏻‍⚕️   👇 Episodio más reciente,false,259,43900,1289,604800,2025-04-07T02:37:01.000000+0000,Public
7264590986189177862,bgsadikin,Budi Gunadi Sadikin,Menteri Kesehatan Republik Indonesia,true,0,317900,458,5300000,2023-08-07T14:43:15.000000+0000,Public
6588963822694334466,bicara.kesehatan,BicaraKesehatan,"",false,26,57300,203,473900,2018-08-12T22:24:47.000000+0000,Public
7014093221744477186,bicaraasikecil,Bicarasikecil (Dokter Anak),Solusi Tumbuh Kembang Si Kecil 👶🏻❤️ 📍SOLO Klinik @Klinik Anak Kids First,false,313,1700000,780,15100000,2021-10-01T13:43:59.000000+0000,Public
6902232548199810049,bpjskesehatan_ri,BPJS KESEHATAN RI OFFICIAL,"""Dengan Gotong Royong, Semua Tertolong""  #BPJSKesehatan #BPJSKita",true,15,332900,1003,1200000,2020-12-04T03:07:26.000000+0000,Public
6950259953887069186,bpk.ri,Badan Pemeriksa Keuangan,Akuntabilitas untuk semua!,false,28,24100,367,79700,2021-04-12T13:18:18.000000+0000,Public
6891782465762345986,brighty.id,Brighty Indonesia,Your Whole Body Deserves To Glow✨ #BeBrightWithBrighty BPOM | Dermatology Tested,true,650,430300,2392,3800000,2020-11-05T23:15:47.000000+0000,Public
6740851857205789698,brin_indonesia,BRIN,Akun Resmi Badan Riset dan Inovasi Nasional Republik Indonesia,true,49,28300,1029,217800,2019-09-26T05:47:56.000000+0000,Public
7171347784238466074,bukan.dokter.hewan,La Tondha,No bio yet,false,325,22100,124,156900,2022-11-29T08:12:00.000000+0000,Public
6577685148195930113,bukandoktercinta_,Bukandoktercinta,❤️ dokdin ❤️ trainer filler&thread  💉Health 🏥Aesthetics 👩‍⚕️Sex 🩺Anti Aging,false,222,2600000,1742,33200000,2018-07-13T12:57:46.000000+0000,Public
6704737033636119553,bukandoktertiktok,MedicalBruder👨‍⚕️,Health|Relationship|Sex Bantu masyarakat hidup Sehat⬇️,false,108,191700,414,2500000,2019-06-20T22:03:59.000000+0000,Public
7276663750769001477,buku.edukasi4,BUKU EDUKASI,"",false,32,115100,20000,1800000,2023-09-09T03:31:44.000000+0000,Public
7262943570063426565,bunda.rahayuu,kesehatan dan kecantikan,Solusi Tubuh Sehat ✨ 👇cek disini👇,false,4,68100,2176,541700,2023-08-03T04:10:26.000000+0000,Public
6949505374865294341,bundakamaray,Bunda Kamaray,"Channel Youtube  bunda Kamaray ,Etkamarara",false,39,347800,10800,2400000,2021-04-10T12:30:09.000000+0000,Public
6601071155392643074,byancalau,dr. Byanca Lau,Dokter Manusia Yang hobi Naik Kuda🐴🥰❤️ Business inquiries: WA: 0877-8558-9252 (Kak Rare),true,2314,222200,288,2700000,2018-09-14T13:27:25.000000+0000,Public
7239242831096939526,bydrshiba.ph,Dr. Shiba & Prof. Bengal,🐶 all-around dog care for your furry friend 🐾 follow my bff: @Prof. Bengal ✨,true,116,152900,807,814100,2023-05-31T07:19:27.000000+0000,Public
7346467854303396866,bydrshiba.th,Dr Shiba TH,🍪 อาหารเสริมในรูปแบบขนม 🔬 ทดสอบในห้องปฏิบัติการที่เยอรมัน 🌱 ปลอดภัย ยั่งยืน,false,31,38300,523,218700,2024-03-15T06:07:19.000000+0000,Public
7041462753366049818,byzoeskincare,Byzoe,Byzoe Official Store 🥇No.1 Basic Skincare TikTok🥇 100% Produk Lokal Indonesia,false,173,797600,10500,10400000,2021-12-14T07:51:45.000000+0000,Public
7421116405082702854,cak.sam51,Cak Sam dokter hewan,Dokter Hewan Muhammad Samsuddin,false,4184,10700,1795,121500,2024-10-02T10:01:49.000000+0000,Public
7156176438206858266,ceritadok,dr. Gusti | Edukasi Kesehatan,Siang Live @RS Happy Land Medical Centre 🏥,false,3,162800,246,816600,2022-10-19T10:59:26.000000+0000,Public
6643672165836046338,chillingbosssw,heedzeed,instagram ⬇️,false,651,173100,1214,16900000,2019-01-07T08:41:06.000000+0000,Public
6619176333971931138,dailyeffect.storevn,Daily Skincare,★ TIKTOK MALL CHÍNH HÃNG ★,false,2,604100,148,7600000,2018-11-02T08:24:46.000000+0000,Public
6905221471992857602,damessa.dentalclinic,Damessa Dental Clinic,Konsultasikan dengan Dokter Gigi 🧑‍⚕️250+ Dentist 📍 23 Cabang di JABODETABEK,false,0,12400,594,198600,2020-12-12T04:25:59.000000+0000,Public
7177748060972729349,danteveteriner,Dante Veteriner 🐾,For collaborations / İşbirlikleri için : dr.dantecollab@gmail.com  ANKARA,false,3,1300000,701,43900000,2022-12-16T14:08:21.000000+0000,Public
7186561186317976603,davienaskincare.haiga,DAVIENASKINCAREJAWA,"""LEADER DAVIENA SKINCARE"" @HAIGA SOVIA  2026 open agen, reseller, affilite  coming soon series burgundy",false,87,731900,1811,8000000,2023-01-09T08:07:46.000000+0000,Public
6721318124316001286,dentaldigest,Dental Digest,@Fat Glob Toothpaste...Out NOW,false,692,9800000,497,225200000,2019-08-04T14:27:05.000000+0000,Public
6708406933462320129,dermasterid,Dermaster Indonesia,No.1 Aesthetic Beauty Clinic in Indonesia 📞: 081198893620,false,3,414600,1572,3800000,2019-06-30T19:25:04.000000+0000,Public
6765585846651094022,dermdoctor,DermDoctor | Dr. Shah,Board Certified Derm  Founder of @Remedy Science Shop Favorite Skincare ⬇️,true,996,17900000,1569,575800000,2019-12-01T21:28:27.000000+0000,Public
7236600113735828482,dianahlihukumkesehatan,MALPRAKTEK TRAUMA CENTER,"",false,2639,14200,2384,254000,2023-05-24T04:24:22.000000+0000,Public
6730556766918067202,dionharyadi,dr. Dion Haryadi,👇Business/Event Inquiries  WA 0823‑8172‑8283 (Valent)👇,false,80,500600,1377,18400000,2019-08-29T11:57:44.000000+0000,Public
7050658375809713153,dochs_medic,dochs medic,OFFLINE STORE JL MUARA UTARA 1 NO 9 BANDUNG WA : 0812-2229-0353,false,122,25700,2067,110100,2022-01-08T02:35:27.000000+0000,Public
6784926612473218053,doclaurasalazar,Doc Laura Salazar,🌈⚕️Médica y sexóloga educativa  Te ayudo a vivir tu sexualidad bien chido 😎 Jueves de preguntas y respuestas en mi IG 💬 📍CDMX | ♾️ Autista | ⚡️ TDAH,true,411,7200000,289,100900000,2020-01-23T00:20:30.000000+0000,Public
6970995522468070402,doctor.incognito_99,dr. Incognito,"Organik, jujur, bertanggung jawab akun random : @noir_noir_yellowcart,  IG/threads: abelina_md, X : IncognitoD1999 FAST RESPONSE : +628127102728 (dr. Hani | PA)",false,1286,745200,1321,51500000,2021-06-07T10:22:54.000000+0000,Public
6948829470229300229,doctorbayteroficial,Doctor Bayter Oficial,Médico Intensivista🩺 Canal Oficial de la Dieta Keto Perfecta @doctorbayter,false,1,556500,85,2900000,2021-04-08T16:47:18.000000+0000,Public
7060575704550753282,doctorming6,Dr Ming,Healthy is very important💕,false,6,692900,669,11000000,2022-02-03T19:59:45.000000+0000,Public
6752190053991449606,doctorvic,Doctor Vic,Enseño la Medicina al 🌎 🦴Ortopedia y Cirugía de Columna 🔥Mi PODCAST: @Medicina Viral 📩 MARCAS: dr.vic@sunsetsocial.mx ⬇️Consultas⬇️,true,428,2800000,707,43700000,2019-10-26T19:05:56.000000+0000,Public
6784603245261718534,doctoryumper,Doctor Yumper,"Si te encanta aprender con humor, estás en el lugar correcto... 🫀🦷🧠👁️🫁",true,170,3400000,324,46400000,2020-01-22T03:25:40.000000+0000,Public
6822053279946802178,dodinosaurus,DodiHD,TopUp Diamond FF/ML? IG : @Dokterstore_,false,2,80400,10,2000000,2020-05-02T01:30:56.000000+0000,Public
7068939223185474587,dok_mayki,Dok Mayki Tindahan,FB Page : Doc Mayki Dental Clinic YT : DoK Mayki Email : Mayki6zais@icloud.com,false,300,467600,2549,14900000,2022-02-26T08:54:29.000000+0000,Public
7490962119883916295,dokter.bedah.anak,dr.Robin Bedah Anak,"RS indriati SOLO, RS Astrini WONOGIRI, RSUD ir.Soekarno Sukoharjo  Melayani juga area Solo Raya, Karanganyar,Pacitan,Klaten,Boyolali dll Konsul Telemedisine ↙️",false,5,19700,409,72400,2025-04-08T15:18:51.000000+0000,Public
7281425286155240454,dokter.duyhung,Dr Duy Hung 🇻🇳 🇮🇩,Dr Duy Hung Plastic Surrgery: Vietnam 🇻🇳 - Indonesia 🇲🇨  WhatsApp: (+62) 0812-268-666,false,3,445700,38,12600000,2023-09-21T23:28:56.000000+0000,Public
7319403076014752773,dokter.galih.offi,Dokter Galih Official,Dokter Spesialis Anak👶 🏥Brawijaya Hospital Tangerang 🏥RSU Hermina Ciledug,false,51,74600,301,463400,2024-01-02T07:42:09.000000+0000,Public
7000144985563808770,dokter.gigi.lisa,drg.Lisa,🏠Makassar🏠 🏥Klinik Asahi🏥,false,324,13000,12,13500,2021-08-24T23:37:42.000000+0000,Public
7002440298915726338,dokter.harmonospanak,dokter Harmono PD Sp.A,"dokter Harmono PD Sp.A, konsultasi gratis , gabung grup 2 WA: 👇👇👇",false,334,18300,209,80800,2021-08-31T04:04:41.000000+0000,Public
6810017141438743553,dokter.ikan.indonesia,dokter.ikan.indonesia,drh Citan. Drh spesialisasi ikan base Jakarta. WA 08128856464 utk appointment,false,59,116400,103,6600000,2020-03-30T15:04:34.000000+0000,Public
7553606069021787157,dokter.keras,Dokter Keras,"walaupun gue Keras, tapi gue mau lu sehat collab?",false,1,23300,18,118300,2025-09-24T10:49:22.000000+0000,Public
6573916583810105345,dokter.reni.anak,"dr. Reni Fahriani, SpA",✨Dokter Spesialis Anak & Konselor Laktasi✨ Praktek: Jl Batununggal Mulia XII no 44 Bandung. Reservasi (adm): 0895-35188-4622,false,161,29200,106,134800,2018-07-03T09:13:49.000000+0000,Public
7611140148973061140,dokter.yana,Dokter Yana,"",false,148,10400,36,16800,2026-02-26T11:50:59.000000+0000,Public
6971725648621224961,dokter_atan,dokter Atan,DM for Endorse (WA 081263237497) 260K+ on Instagram @dokterAtan,false,484,264900,603,5000000,2021-06-09T09:36:10.000000+0000,Public
7126913850166969370,dokter_daniel,dr.Daniel🦁,Real account dokter daniel  di larang curi Vidio denda 100juta,false,397,121400,188,1300000,2022-08-01T14:25:39.000000+0000,Public
6982036606678352898,dokter_darmika,dokter_darmika,Hypnotherapist | Private Healing | Public & In House Training | Online Webinar,false,1,278900,1008,5700000,2021-07-07T04:27:57.000000+0000,Public
6604639878654361602,dokter_ika,dr. Ika,Kulit Sehat bersama dr.Ika STOP Penyalahgunaan obat keras Awas Merkuncrit ☠️ SEHAT YUK ❤️,true,214,2600000,5043,65000000,2018-09-24T04:15:54.000000+0000,Public
7251407224010376198,dokter_orthopedi,dr.Ledy Kumala Devi SpOT,"",false,117,37600,373,1100000,2023-07-03T02:03:31.000000+0000,Public
6786191047800456194,dokteragung_bali,DOKTER AGUNG,Dokter Gokil Bali 🤩Edukasi & Hiburan itu wajib🤩,false,2466,329000,2168,4300000,2020-01-26T10:07:09.000000+0000,Public
7093920401915200539,dokteramiraobgyn,"dr.Amira,SpOG",Dokter obgyn pedalaman  RSUD Fakfak Papua Barat IG: AMIRAALI (amira.abdat19),false,375,2300000,1745,59400000,2022-05-04T16:34:13.000000+0000,Public
6969424077791609858,dokteranak.bandung,"dr. Ahmad Hafidz, SpA",Dokter Spesialis Anak RS Limijati / Hello Baby Clinic Let's make your child Optimal Growth and Development,false,95,11100,101,35500,2021-06-03T04:44:53.000000+0000,Public
7339344785679418374,dokteranak3,Dokter Shinta,dr Shinta Aprilia Parenting | MPASI  Order frozen food : dm @omamafood (ig),false,74,15000,716,483100,2024-02-25T01:26:10.000000+0000,Public
6911653319263208450,dokteranak_leonirma,"dr.Leonirma,M.Sc,Sp.A,CIMI","❤ Ibu, Dokter Anak, Laktasi, Pijat Bayi ❤ 📲 Tine +62813-3979-0002 (WA)",false,66,111800,371,1600000,2020-12-29T12:24:51.000000+0000,Public
7474608610448213012,dokteranak_visia,"dr. Visia Vrisca, Sp.A, CBCFF",👶🩺 Dokter Spesialis Anak 🤱 Konselor Laktasi dan MPASI 📍Medan,false,66,25800,177,56100,2025-02-23T13:38:53.000000+0000,Public
7394034038484337670,dokteranakbbs,dokteranakbbs,Board-Certified Pediatrician (Sp.A) 🩵Teman tumbuh si Kecil🩵  ✅ Praktisi Stunting ❌KONSUL DM❌ IG: @dokteranakbbs ❤️,false,21,16700,31,92000,2024-07-21T10:28:24.000000+0000,Public
6915663087299789825,dokteranandaprasetya,.ananda prasetya.,kerja ke cafe. pacaran❤🥰🙏,false,9085,84300,1228,906600,2021-01-09T07:44:47.000000+0000,Public
7205684339874792475,dokterandroidpekalongan,Dokter Android Pekalongan,Follow juga @servishppekalongan  Garansi 1 Bulan ☎️ 0822-2031-5106,false,66,202000,401,508100,2023-03-01T20:55:22.000000+0000,Public
6839893595219149825,dokteraura,andrew dr.aura,"konsultasi cek link wa /ig @andrew_gpw,atau ig yg ada tombol di samping ini +62 8111032067",false,21,128700,536,314000,2020-06-19T03:20:28.000000+0000,Public
7151009212293628929,dokterawetmuda,Dokter Awet Muda,"Satu-satunya Dokter di Dunia yang protokolnya jelas dan terbukti menyehatkan masyarakat Indonesia, gratis, selamanya",false,250,374800,106,488100,2022-10-05T12:47:57.000000+0000,Public
6785732536859935746,dokterayuu,Dokter Laktasi,Certified Breastfeeding Specialist ™  Bandung Appointment Konsultasi👇,false,13,22100,29,130700,2020-01-25T04:27:54.000000+0000,Public
7008156038399050779,dokterbangunan01,Dokter Bangunan,Facebook youtube tiktok instagram 👇👇👇 Dokter Bangunan,false,21,11600,477,147400,2021-09-15T13:44:41.000000+0000,Public
7153658878528619521,dokterbarbarreal,Dokterbarbarreal,Part of @dokterbarbar IG : Agiaprily,false,20,36000,321,2400000,2022-10-12T16:10:01.000000+0000,Public
6934945539084977154,dokterbicara2,dokterbicara,"yang kamu anggap normal… belum tentu benar 👀 dokter bahas kesehatan tubuh, rambut & kewanitaan",false,5,131500,344,1500000,2021-03-02T06:50:33.000000+0000,Public
7481200706701526032,dokterbrando.spy,dokter Brando,Dokter idaman semua 🩺 Contact: (dokterbrandospy@gmail.com),false,1,490100,184,7900000,2025-03-13T07:59:35.000000+0000,Public
6783205334674260997,dokterbruinebeer,Toto,Wat Dacht Je? Soms een beetje ongemakkelijk 😳 📩| Toto@MakersAvenue.nl,false,251,337000,432,19500000,2020-01-18T09:01:04.000000+0000,Public
6755708996068361217,doktercapit,Dokter Capit🕹,All About Capit Boneka Bussiness Inquiries: doktercapit@yahoo.com,false,100,172800,1193,5300000,2019-11-05T06:41:13.000000+0000,Public
7194777083867317249,doktercinta000,★𝐑𝐀𝐇𝐌𝐀𝐓-𝐃𝐓★,"JANGAN KEPO,NGGA ADA YANG ISTIMEWAH GORONGTALO/MAKASSAR",false,28,133900,329,77200,2023-01-31T11:29:39.000000+0000,Public
7203898589407511579,doktercintanyakamu,adinda guLvinar,OWNER GULVINAR PARFUM CARA ORDER BARANG VIA DM/WAWA 081281021334/082258989393,false,53,163300,379,513900,2023-02-25T01:25:45.000000+0000,Public
7375750757181031430,dokterdetektif,DokterDetektif,2nd = dokterdetektifhero Selain itu dipastikan bukan akun resmi DokTif 😘,true,144,2800000,430,39400000,2024-06-02T03:59:56.000000+0000,Public
6922415251184157698,dokterdilaa,dilaaaa4499,Semua VT konten aja ya guys jangan di bawa serius,false,247,26300,291,150300,2021-01-27T12:26:38.000000+0000,Public
6534508407062642690,dokterelvijuwita,dr Elvi Juwita,📍BIREUEN | SIGLI | KEC KUTABLANG  📞082273318944,false,242,159200,1901,3300000,2018-03-19T04:29:58.000000+0000,Public
7528305037656294418,dokterfakta.id,Dokter Fakta,Follow untuk info dan tips kesehatan🩺 Konsultasi +62 857-0395-4610,false,1,361000,241,7000000,2025-07-18T06:28:27.000000+0000,Public
6710609739443930113,doktergabutreal,DokterGabut👩🏻‍⚕️,business Inq DM Instagram : @haifarlin 🤏🏼 No Agency. No Family 🥳  #SINGLEFIGHTER,false,970,118000,1661,1600000,2019-07-06T17:53:04.000000+0000,Public
7509464992996656146,doktergen,Dokter Gen Z,support dokter gen z ya  kode interlink 231020066,false,0,41800,56,486900,2025-05-28T11:59:27.000000+0000,Public
6812943634885002242,doktergigi.jo,drg. Jo,"",false,96,211300,453,6400000,2020-04-07T12:20:51.000000+0000,Public
6543987083475075074,doktergigi_,Dokter Gigi Tri Putra,Klinik @doktergigi_ Orthodontist 🔜  📍 Jakarta • Bekasi • Medan • Makassar WA 0812-8885-1470 ⬇️⬇️⬇️,false,587,4100000,705,64600000,2018-04-13T17:32:04.000000+0000,Public
6791306045127656449,doktergigi_cianjur,DOKTER GIGI CIANJUR,Reservasi Cianjur 081246298258 Ciranjang 081327614297,false,110,10600,180,12200,2020-02-09T04:55:57.000000+0000,Public
6815551400090698753,doktergigiadelia,Adelia Susanto | Orthodontist,Dokter Gigi Spesialis Behel Facial esthetic oriented treatment IG:@adeliasusanto Praktek : @Klinik Gigi Opal Dental Jogja Praktek Jakarta : Opal Dental Jakarta,false,79,13800,109,788000,2020-04-14T13:00:19.000000+0000,Public
6725177305318933505,doktergigiari,doktergigiari,DOKTER GIGI LUBUKLINGGAU  DM Konsul dan endorse Wawa +62889-7118-3695,false,104,26700,1867,31600,2019-08-15T00:02:40.000000+0000,Public
7428442795101340678,doktergigieka,doktergigieka,"📍: Jl.Ipik Gandamanah, Tegalmunjul, Kp. Krajan 2 (Samping toko baju hipopo), Kab. Purwakarta 📞 : Info & Reservasi hub admin 087736038538 IG: doktergigieka",false,50,16800,63,219600,2024-10-22T03:51:57.000000+0000,Public
7479388858423051272,doktergigikamu_,drg. Ivana | Dokter Gigi Kamu,Dental public health enthusiasm Dental Health Education 📩 Business inquiry: +6281266266419,false,102,12300,383,323100,2025-03-08T10:48:42.000000+0000,Public
7044209401373017090,doktergigikediri_blitar,drg. Yuniko Dimas Ardi Ansyah,"DOKTER GIGI 📍 Jl. Cendrawasih, Lampu Merah Pasar Sambi Kediri Ke Arah Timur, Kec. Ringinrejo, Kab. Kediri, Jawa Timur WA : 0851-5805-6770",false,1,11600,239,46800,2021-12-21T17:30:08.000000+0000,Public
7128326086718981147,doktergigilusi,Dokter Gigi Lusi J.,"",false,878,29700,1081,297100,2022-08-05T09:45:50.000000+0000,Public
7419190309702108165,doktergigimagang,eugenvfrmim,"Compra dando clic al enlace de abajo, y descubre más cosas en la tienda ✨",false,1,17700,258,142100,2024-09-27T05:27:35.000000+0000,Public
7125035552211108890,doktergigiperbatasan,Farhan dokter gigi perbatasan,"R.I.P CONAN🥀18.3.2023💔 Business inq 🗂️ Putricnisa30@gmail.com 2 cabang Klinik dokter gigi 📍balai karangan, sekayam sanggau 📍 kapuas, sanggau",false,11,52000,868,4600000,2022-07-27T12:56:53.000000+0000,Public
6849143474853135362,doktergigisemarang,dokterbedahmulutsema,Edukasi Gigi - Mulut (education about teeth & mouth) IG : doktergigisemarang.id,false,78,68300,271,956400,2020-07-14T01:34:43.000000+0000,Public
7217637484115772417,doktergigisemarang_,doktergigisemarang,"drg. Imacullati Ririn, SpOrt, MMRS Jl. Melati Utara 16 Semarang 0821 3733 7377",false,2,32400,1153,1100000,2023-04-03T01:59:41.000000+0000,Public
7065985085359096858,doktergigitantri,Drg.Tantri,"Do what’s right, not what’s usual🫶🏻 ❌No online consults❌  Dental care happens in person, not in DMs",false,66,30800,100,862500,2022-02-18T09:50:55.000000+0000,Public
6809857569416725506,doktergigiwawansumantri,doktergigiwawansumantri,Dentist Influencer’s  #doktergigiwawansumantri #dentist For Business/Collab & Reservasi Appointment WhatsApp,false,9,34300,704,341100,2020-03-30T04:45:21.000000+0000,Public
6782466530078082050,dokterhar,dokterHar,🧑‍⚕️Dokter KeSUKSESanMu🥇 📌Bebas Sakit💉 📌Bebas Finansial💰💵 📌Bebas Waktu⏰,false,164,120100,282,1800000,2020-01-16T09:14:07.000000+0000,Public
7108026145274921986,dokterhelm,DokterHelm,Authorized Distributor Helmet OPEN RESELLER  & PEMBELIAN GROSIR👇🏻 Join Live : Senin-Minggu / 11:00siang sampai 03:00malam @DokterHelmTgr @DokterHelmJkt,false,19,94300,1104,797400,2022-06-11T16:51:42.000000+0000,Public
7123608220791096346,dokterhewan86,Dokter Hewan 86,"“For collaboration, contact: hbb.plyg@gmail.com”",false,14,17900,85,685900,2022-07-23T16:38:07.000000+0000,Public
7275597029340922888,dokterhewanpampamdo,Dokter Hewan Pampamdo,"Klinik Hewan Pampamdo 🐾 since 2013 Jl. DR Saharjo No 15, Manggarai, Jaksel Dokter Hewan | Grooming | Titip Hewan Konsultasi ⬇️ 081297790055",false,47,17800,150,464200,2023-09-06T06:32:19.000000+0000,Public
7475600662974743560,dokterhewanto,dokterhewanto,Dokter Hewan Total 🐩🐈 Follow @dokterhewanto Untuk Info Seputar KucingAnjing Lu,false,1,16700,13,37700,2025-02-26T05:48:34.000000+0000,Public
7098104798532224026,dokterhmd,dokterhmd,Bussiness inq 👇🏼,false,353,115800,1083,3600000,2022-05-15T23:11:48.000000+0000,Public
7088633975438951450,dokterikadevisppd,"dr. Ika Devi, Sp.PD",IG @dokterikadevi 361 K wa CP 0818.370.170/0811.3322.664 KONSUL FREE👇👇,false,919,192000,999,1800000,2022-04-20T10:40:11.000000+0000,Public
6528690286079950849,dokterkalteng,Kadang pasien,"Kadang dokter, kadang pasien Business Inquiries +6287718665870 (Yessi)",false,136,46300,411,3200000,2018-03-03T12:12:41.000000+0000,Public
7613266047450186760,dokterkameliia,Dokter Kamelia,Untuk Mendapatkan THR Lebaran 📌  Lihat detail wa admin dibawah 👇👇,false,2,48700,2,124800,2026-03-04T05:20:34.000000+0000,Public
7215232530634032155,dokterkecantikan09,Dokter kecantikan,"Beauty comes from inside, shines outside",false,78,180900,86,566500,2023-03-27T14:27:14.000000+0000,Public
6650681103802630145,dokterkecantikanmu,dr. deka hartono,Your Aesthetic Doctor From Jakarta 🇮🇩 Real Account ✅ 2nd acccount @Dokter Kecantikanmu 2,false,93,172200,1424,2100000,2019-01-26T05:59:22.000000+0000,Public
7387723425970177029,dokterkesehatan_id,Dokter kesehatan,Follow untuk info kesehatan Business inq +62 882-0013-04595,false,6,547200,146,10100000,2024-07-04T10:20:00.000000+0000,Public
6953720399197324290,dokterkulitkamu,"dr. Jhauharina, SpDVE","Spesialis Dermatologi,Venereologi, Estetika | RS Siloam Mampang Konsultasi online: (admin) 088293547358",false,118,175900,389,1500000,2021-04-21T21:06:36.000000+0000,Public
6729661074809865217,dokterkulitkucom,"dr.Arthur,SpKK | dokterkulitku","Edukasi kesehatan, kecantikan, kulit kelamin utk awam. Konsul & Belanja 👇",true,153,1100000,308,18600000,2019-08-27T02:01:59.000000+0000,Public
7042115053383025665,dokterkulityu,dr Yusuf Ardian SpDVE,"Dokter Spesialis Kulit, Estetika (Sp.DVE)  Edukasi Flek, Jerawat & Acne Scar 🎥 Jawaban via kolom komentar 📩 Konsultasi pribadi & produk via WA",false,1238,35800,830,89700,2021-12-16T02:03:00.000000+0000,Public
7362460197450810374,doktermatahendra,doktermatahendra,👁️ Bikin mata tetap sehat sampai tua 🎥 Edukasi kesehatan mata 👍 Bantu 10.000+ mata 👨🏻‍⚕️ LASIK | SMILE | Katarak | Retina 📍Makassar | WA👇 082151116141,false,0,153500,397,528500,2024-04-27T08:25:46.000000+0000,Public
7251874893338330114,doktermayat7,Doktermayat,M a small green Mortici-ant 🐜 1st Muslim lady Embalmer in 🇸🇬,false,6592,113300,272,494800,2023-07-04T08:18:19.000000+0000,Public
6772441817369986050,doktermedok,Dokter Medok,"dr. Adrian Setiaji, Sp KFR, AIFO-K Taekwondo & Flexibility Coach 🏆 📍Jakarta",false,37,826300,1697,14100000,2019-12-20T08:53:07.000000+0000,Public
7135025974328493082,doktermesty,"dr. Mesty Ariotedjo, SpA, MPH","Ibu & dokter anak, bangun satu solusi untuk parenting, @Tentang Anak",false,7,315400,321,5000000,2022-08-23T11:04:50.000000+0000,Public
7096745500074902555,doktermobil_indonesia,Dokter Mobil Indonesia,"Bengkel Spesialis AC, Tune Up & Cuci Darah Mobil CUCI AC 99K | CHAT ADMIN 🔽🔽",false,46,268800,1487,3300000,2022-05-12T07:17:02.000000+0000,Public
6956300240383214593,doktermutan,"dr. Frenos , M.Biomed",lo percaya ga? kalau gua..A humble voice from within your mind.,false,2,167900,265,5100000,2021-04-28T19:57:42.000000+0000,Public
7507164089904104466,dokternadiyah,"Dr. dr. Nadiyah, Sp.OG","20th Spesialis Obgyn👩‍⚕️ Rutin berbagi tips kesehatan perempuan, ibu & anak 💡",false,7,115600,300,1800000,2025-05-22T07:10:47.000000+0000,Public
7370584822509880326,dokterninakustinasp.og,"Dokter Nina Kustina,Sp.Og",Kami Utamakan Privasi Terjaga Tidak Ada Resiko Atau Efek Samping Gransi Uang Kembali Jika Gagal 100% Amnah Tinggal WhatsApp👇👇,false,95,14100,1,32900,2024-05-19T05:53:28.000000+0000,Public
6671021657858228225,dokteronline,dr. Akbar Sp.PD,Your Online Internist 🧑‍⚕️ Hi...saya dr. Akbar Sp.PD 👋 Endorse or Business DM IG 🤙🏻 Or Text CP : 0877-1866-5870 (Yessi),false,33,348500,1459,3100000,2019-03-22T01:31:06.000000+0000,Public
7297422395386725422,dokterpintar21,DIY Verse,🪵 Turning Trash Into Luxury Furniture ✨ DIY • Woodworking • Satisfying Builds,false,2800,138000,1104,2300000,2023-11-04T02:05:53.000000+0000,Public
6841842511049933826,dokterpstore_p0ntianak,DOKTER PSTORE PONTIANAK,"Servis iPhone Termurah DiPontianak 📍JL.Jend Urip,Sebrang Mall Matahari,Pontianak Kota,Kalimantan Barat @pst0re @pstorepontianak_new @dokterpstore 0881010137024",false,5967,21800,102,116100,2020-06-24T09:23:15.000000+0000,Public
6713167993130238977,dokterris,dokterris,Edukasi Kesehatan Dunia Kedokteran,false,20,164200,539,3100000,2019-07-13T15:20:24.000000+0000,Public
7183923674750895131,dokterrizkimrd,dokterrizkimrd,"Kerjasama by WA/IG ""Cocoknya untuk Anak""@Yayle Indonesia  LIVE RUTIN JAM 8 MALAM",false,15,194800,986,981000,2023-01-02T05:32:53.000000+0000,Public
6870055585540424705,dokterrtiktok,Dokter Tiktok,DOKTER BUKAN CUMA OBAT YANG DIA BERIKAN… TAPI JUGA BISIKAN YANG PERLAHAN MENGUASAI PIKIRAN. CP ENDORS 0895-4113-52468,false,4,264300,792,17200000,2020-09-08T10:04:23.000000+0000,Public
7136796353812333569,doktersarafku,DokterSarafKu | FajarQIMI SpN,"Dokter Saraf &Nyeri Balikpapan @rspertaminabpp  Sp.N,FMIN,CIPS,FIPP,CIPP, AIFO-K",false,555,538100,1380,3900000,2022-08-28T05:34:48.000000+0000,Public
7095544169397404677,doktersosialmedia,DOKTER SOSMED INDONESIA,"CS : 082229999189 Kami penyedia jasa profesional dibidang layangan media sosial yang berfokus pada JASA VIEWS LIVE STREAMING engagement,Visibilitas Toko online",false,1,202800,1342,43500000,2022-05-09T01:35:16.000000+0000,Public
7217087157638792198,dokterstephanie,"dr. Stephanie Anindita Sp, FM",Dokter Spesialis Forensik & Medikolegal.,false,61,661400,523,5700000,2023-04-01T14:24:08.000000+0000,Public
6947171309621462018,dokterstir,Dokterstir,📍MALL MGK KEMAYORAN LT 5 Blok E5 NO.6 WA 0838 6950 8093 WA 0813 8000 2023 SENIN - SABTU 09:30 - 18:00,false,68,34500,1515,272700,2021-04-04T05:32:47.000000+0000,Public
7265354848648332293,dokterstrsumsel,𝐃𝐎𝐊𝐓𝐄𝐑 𝐒𝐓𝐑💱,follow ini akun ke DUA✍️ ™Jadilah Orang Baik Meskipun Tidak Pernah Di Anggap BAIK✓,false,468,501800,1581,7300000,2023-08-09T16:07:25.000000+0000,Public
6950281973736014850,doktertht,doktertht,💡Bahas AMANDEL A-Z di Konten Subscription/Langganan,false,281,151200,818,2900000,2021-04-12T14:43:45.000000+0000,Public
7258499073899070470,doktertoktok,DokterTiktok,Terimakasih atas dukungan berharga dari Anda 🙏,false,17,104100,122,1900000,2023-07-22T04:43:31.000000+0000,Public
6946932658555454466,doktertoyindonesia,Dokter Toy,The og of Crazy Bird and Karoman.  Dokter Toy selalu ada yang baru ⭐ #NEWKAROMANCHIBI,false,0,35600,254,191600,2021-04-03T14:06:42.000000+0000,Public
7221575574479782938,dokterwongkito,dokterwongkito,"dr. EMIR FAKHRUDIN, SpOG, Subsp. FER, DMAS",false,4,119000,237,934100,2023-04-13T16:41:29.000000+0000,Public
7381775942350717958,domofficial2m,DOM Official (ช่องจริง),ติดต่องาน line : @457mapxb เท่านั้น,false,118,302400,5723,10700000,2024-06-18T09:40:43.000000+0000,Public
6810005195877336066,dosenkecantikan,Dosen Kecantikan 🗒✍🏼,"gak cantik dari sananya, bisa cantik dari dananya. pamela: 0878-1000-1371",true,355,1200000,1370,127800000,2020-03-30T14:18:13.000000+0000,Public
7103536806137873435,dosenskincare,DosenSkincare,Edukasi skincare berdasarkan science S.T Teknik Kimia ITB M.Sc Chemical Eng NUS,false,408,923300,267,25300000,2022-05-30T14:30:46.000000+0000,Public
6658171021369425921,dr.aisyafik,Aisya Dokter Anak,🏥👩‍⚕️Dokter Sp. Anak di SOLO | Konselor ASI & MPASI | 🏥 RS UNS | 🏥 RS Hidayah DM 📞087718665870 for business inquiries (Yessi) 🩺 Konsultasi via Halodoc 👇,false,157,137800,881,369200,2019-02-15T10:24:04.000000+0000,Public
7325323125338719275,dr.althea_official,Dr.Althea US,Only essentials.  Gently effective. SHOP FROM OUR OFFICIAL MALL⬇️,true,7,270600,382,1700000,2024-01-18T06:34:58.000000+0000,Public
7481750856389936134,dr.ayman.suwaid,Dr. Ayman Suwaid,"",false,0,14800,59,41000,2025-03-14T19:34:27.000000+0000,Public
6794387565735773186,dr.deamaulidia,dr.Dea♥️ Dokter Laktasi,Hobi Jalan2 sama bocil 💕 Dokter Konsultan Laktasi & Konselor MPASI Sharing seputar Ibu dan Bayi IG: @deamaulidia Konsultasi klik ⬇️,false,1248,29500,337,498500,2020-02-17T12:13:50.000000+0000,Public
6889447047134020613,dr.ezzatofficial,Ahmed Ezzat,دكتور أحمد عزت أخصائي أمراض النساء والتوليد Dr. Ahmed Ezzat د. أحمد عزت,true,116,3800000,1810,41700000,2020-10-30T16:13:10.000000+0000,Public
7131571589069915137,dr.giovanniabraham,dr. gio | Skincare Educator,📚Based On Research 🎖️Your Educator 🥼Doctor  Glow Hacker✨ 📞0878-6477-6040 (Rai),false,495,986300,1830,25000000,2022-08-14T03:40:03.000000+0000,Public
6789618337900971009,dr.harun.albar,Dokter Spesialis Anak,@brawijayaantasari  @kmchospital_  @murniteguhpejatenjakarta business inquiries +6285183230174,false,378,58400,253,256800,2020-02-04T15:46:47.000000+0000,Public
6989232629896905730,dr.ihsanbiren,dr.ihsanbiren,"Dokter, Aktivis, Santri 🇮🇩 Jakarta, Indonesia",false,81,37100,246,577300,2021-07-26T13:52:11.000000+0000,Public
6882046558528701442,dr.indratarigan,Doa ibu persada,kolaborasi wa admin:  081376910855,false,1,2000000,1159,36000000,2020-10-10T17:35:29.000000+0000,Public
7468606629014799368,dr.kamelianew,Dr.Kamelia NEW,SILAHKAN ANDA KIRIM 📤 DM / HUBUNGI NO SAYA DIBAWAH UNTUK BANTUAN-NYA pasti Langsung saya RESPON 🥰 𝗪𝗵𝗮𝘁𝘀𝗔𝗽𝗽 👇🏻,false,0,25400,15,41100,2025-02-07T09:28:08.000000+0000,Public
7368360766443586565,dr.mulya.spog.mkes,Dokter Mulya,@Ayu harisyah,false,24,247100,783,7200000,2024-05-13T06:02:59.000000+0000,Public
1690231010049026,dr.ndreamon,Andreas Kurniawan | Psikiater,Psikiater yang suka bercanda Host @pod.ruangtunggu Buku: linktr.ee/ndreamon,true,145,124200,381,2800000,1970-01-05T13:18:57.000000+0000,Public
6642678204002533378,dr.okypratamaa,Dr. Oky Pratama REAL,Founder Benings Group 2nd : @dr.okypratamaa_kedua  Beli Online 👇🏻,false,141,3300000,777,75500000,2019-01-04T16:24:01.000000+0000,Public
7106315463274316826,dr.okypratamaa_kedua,dr.okypratamaa_kedua,Akun Kedua Akun Utama @Dr. Oky Pratama REAL  Bening’s Group,true,202,3300000,1569,123300000,2022-06-07T02:13:23.000000+0000,Public
6776770422790816774,dr.patricio_ochoa,Dr. Duck,"MD Longevidad,antiaging  mejoría personal biohack Insta: @dr.patricio_ochoarb",false,62,1000000,438,16500000,2020-01-01T00:50:19.000000+0000,Public
7347987443239044103,dr.pongevidencebased,Dr.PONG เรื่องผิวเห็นผล,📍Account Official (ช่องจริงหมอพงศ์) เวชสำอางสำหรับคนเป็นสิวผิวบอบบาง 👨🏻‍⚕️🩺,false,8,241000,1890,1800000,2024-03-19T08:24:05.000000+0000,Public
6625054965583577090,dr.radiastomo.spog,Dokter Radiastomo SpOG,Praktek 🏥 USG 4D Karawang 🏥 RS Hermina Karawang 🏥 RS Permata Keluarga,false,151,130000,300,231200,2018-11-18T04:36:51.000000+0000,Public
6926386819190621185,dr.rinaldhuhri.chkn,Dokterbrewok,ig dr_brewok Reservasi admin klinik Alamat: maps dr rinal dhuhri cilodong depok Di Cp 082317878980,false,217,1300000,1293,18000000,2021-02-07T05:18:21.000000+0000,Public
6591811759240708097,dr.rusydina,Dr Rusydina | Skin & Hormones,"Women's health, hormones, skin explained. Skincare💅🏻 and make up 💄for 40's For👩🏻‍⚕️ consultation : 📍 @KLINIK AURORA SRI GOMBAK",false,765,74800,1286,728600,2018-08-20T14:36:14.000000+0000,Public
6904171311984739330,dr.tuluss,dr.tulus,"",false,1563,469700,2381,6200000,2020-12-09T08:30:50.000000+0000,Public
6792506054334792705,dr.ziee,"dr. Yessica Tania,dpl AAAM","Skincare,Aesthetic Expert & Millenial Mom CP : Christina-081337466678",true,5,1800000,1981,63300000,2020-02-12T10:32:36.000000+0000,Public
6823864291223176197,dr_ahmed_ashraf,الدكتور احمد اشرف,حائز على لقب أفضل صانع محتوى فئة الصحة في الوطن العربي 2025 (قطر🇶🇦) اضغط هنا للاعلانات⬇️,true,3,5300000,4762,59200000,2020-05-06T22:38:35.000000+0000,Public
6808124243423855618,dr_dhilla91,Dr dhilla,"DOCT D CLINIC Jln darussalam, Lhokseumawe (Aceh) +62 821-8044-4819",false,1580,50200,883,295300,2020-03-25T12:39:09.000000+0000,Public
6916770173203153921,dr_ekles,Dr Ekles,GRATIS ‼️  KONSULTASI/ORDER ke @Dr Ekles Skincare  JOIN AFFILIATE ke @Dr Ekles Skincare  DAPATKAN KOMISI PULUHAN JUTA + JALAN2 LUAR NEGERI. KLIK LINK DI👇🏻👇🏻,true,92,1300000,1844,6200000,2021-01-12T07:20:51.000000+0000,Public
6803711564232852485,dr_gzo,دكتور غزو,Dr Gzo 💉🩺💊 دكتور غزو İnstagram: dr.gzo0 For business inquiries: +905368261596,true,6,7500000,815,188500000,2020-03-13T15:15:42.000000+0000,Public
7015221907697091586,dr_kece,Edukasi Kesehatan,Konsultasi Kesehatan Via Live,false,252,104700,288,710300,2021-10-04T14:43:52.000000+0000,Public
6816919455475958785,dr_komang_artawan_spa,Dokter Anak Borneo,"",false,455,109400,599,1200000,2020-04-18T05:29:04.000000+0000,Public
6960989014095266818,dr_tompi,dr_tompi,BEYOUTIFUL CLINIC  GEUT skin care,false,13,310400,54,409300,2021-05-11T11:12:32.000000+0000,Public
6786955121688757249,drchubby,DokterGigiSatria,🛒 Oralcare - Skincare - Headcare - Bodycare (biasa aku pakai)  📍Praktek Jl. Gubeng Kertajaya VA / 20 Surabaya 📞 08-1818-1919-51 (admin),false,34,866400,3206,26500000,2020-01-28T11:32:09.000000+0000,Public
6849509188491461633,drdinda_venusglow,dr Dinda Dokter Kecantikan,"Edukasi Kecantikan, Kesehatan & Hukum Kesehatan dr.Dinda Yuliasari, M.Biomed(AAM),CIBTAC,C.Ht MH kes ⚖️💉wannabe",false,85,18700,1285,512000,2020-07-15T01:13:53.000000+0000,Public
7194966255480652826,drdionsky,Doctor Dee,dr. Christian Dion Saelan || Penyakit Dalam Edukasi Kesehatan Belajar Bareng👇👇,false,545,263700,829,1700000,2023-01-31T23:43:44.000000+0000,Public
7081556138927801345,drdzulkeflyahmad,Dr Dzulkefly Ahmad,Menteri Kesihatan Malaysia Ahli Parlimen Kuala Selangor,false,95,21100,1208,316200,2022-04-01T08:54:33.000000+0000,Public
7016507082955047942,drelliephillips,Dr. Ellie Phillips,"Preventive dentist helping heal teeth naturally! Austin, Tx | Zellie’s Founder",false,90,846000,836,8100000,2021-10-08T01:51:00.000000+0000,Public
6989267610086032385,drernaofficial,er-1 by dr. Erna,dr. Erna Official Personalized Beauty by dr. Erna Purnamasari Click to Shop 🔽,false,0,38700,1880,117900,2021-07-26T16:07:56.000000+0000,Public
6806678564113794053,drfood.worldwide,Dr. Food,Flio Order NOW  ⬇️⬇️,true,1,8700000,1056,146300000,2020-03-21T15:09:11.000000+0000,Public
6774294049937277954,drg.dryan,drg. Adrian Rustam,🦷Dokter Gigi🦷 👨‍⚕️Sharing tips gigi sehat & kuat 🔬😜 Berbasis Sains But Fun,false,273,117900,244,2400000,2019-12-25T08:40:43.000000+0000,Public
6935983277448053761,drg.nihlah,drg.nihlah,"IG : @drg_nihlah location : find me on google Jl.Hamid Rusdi, Bunul MALANG 0B2254B477O7",false,47,80000,2251,3500000,2021-03-05T01:57:30.000000+0000,Public
7491712868170777607,drg.rabithahnasution,Rabithah | Dokter Gigi Siantar,"📌 Klinik Kimia Farma       Jl. Kartini, Pematangsiantar ⏰  Senin-Jumat (12.00-18.00) Reservasi via WA 0822-7543-0744 👇",false,0,18300,218,302800,2025-04-10T15:52:09.000000+0000,Public
6798726033719297026,drg.ranigifandaa,dokrann | dokter gigi cirebon,🦷 Dental Educator | Healthcare Creator ❤️ Sahabat Gigi kamu 🦷 Bantu kamu atasi masalah gigi 🫶 📍 Klinik My Dentist Cirebon 📍 Praktek Dokter GDC Cirebon,false,38,21000,1015,814900,2020-02-29T04:49:18.000000+0000,Public
7141304616570569730,drg.stephanie,DokterGigiAmbon,"drg. Stephanie Rehatta,MM IG : @drg.stephanie (username) ☎️ WA :  +6281251935210",false,889,15100,64,44400,2022-09-09T09:09:10.000000+0000,Public
6967153822884922369,drgfira,Drg. Fira | Dokter Gigi Malang,🦷A Passionate Mom-Dentist  ❤️ Suka cerita cara merawat gigi sejak dini 📍Malang | Lokasi praktek : DM,false,211,21700,164,652900,2021-05-28T01:55:09.000000+0000,Public
7005781707618812933,drgiammattei,DrGiammattei,Presidente Constitucional de la República de Guatemala 2020-2024. Cuenta oficial,true,6,212200,420,2000000,2021-09-09T04:11:04.000000+0000,Public
6782707847907312641,drgigawelina,doktergigi.Welina82,ibu 44th dokter gigi  jembrana BALI🏝 suami dr.i gede eka Sp.An,false,135,27500,1413,358300,2020-01-17T00:50:33.000000+0000,Public
6778460955069187073,drgmaesa,Dokter Gigi Kamu,Praktek di @maesadental cbg Tangerang & Jaksel  Reservasi via WA 0813 9804 7477,false,74,138000,482,1300000,2020-01-05T14:10:27.000000+0000,Public
7107101640692089857,drgputrirahmina,Drgputrirahmina,Dentist | Content Creator | Dental Health Educator Business Inquiries 👇👇,false,61,325100,229,16100000,2022-06-09T05:04:09.000000+0000,Public
6780937220071113730,drh.ghulam,Dokter Hewan Ghulam,Dokter hewan/Update kasus seputar hewan/Tips pemeliharaan hewan/Sharing2/kerja sama: +62 895-3092-3205/JOGJA,false,121,22200,974,10500000,2020-01-12T06:19:37.000000+0000,Public
6807758573721469958,drhossamabolatta,Dr. Hossam Abolatta,Plastic Surgeon  بروفيسور  جراحه التجميل,true,399,4500000,1720,46500000,2020-03-24T13:00:10.000000+0000,Public
6832293975057384453,drhtetwin,Dr. Htet Win,Facebook ကတော့ Doc Htat ပဲဖြစ်ပါတယ်။ Like & Follow လုပ်ထားပါလို့ အကြံပြုပါတယ်။,false,600,2800000,514,17000000,2020-05-29T15:50:03.000000+0000,Public
7297653583875900422,drinqalabfareed,Dr. Inqalab Fareed,Dentist | Implant Surgeon | Health Speaker  For an appointment: ☎️ +923058884378,false,58,86700,394,1000000,2023-11-04T17:03:01.000000+0000,Public
7487796242912199688,drkamvnofficial,DrKam Vietnam Official,📍 Follow để SỐNG KHỎE CÙNG CHUYÊN GIA !,false,29,11000,361,210900,2025-03-31T02:33:38.000000+0000,Public
6563421123416080386,drkevinmak,dr. Kevin Mak,💊 Dokter Vitamin & Suplemen 🧬 Bantu kamu ga salah pilih vitamin ⬇️ Cek ini dulu sebelum kamu beli vitamin,true,143,4200000,4269,114500000,2018-06-05T02:26:04.000000+0000,Public
7241074994654315525,drmomdiary,Dr.Mom,สุขภาพดีสมวัยไปกับหมอแม่ สั่งสินค้าดอกเตอร์มัมในตะกร้า/ไลน์: @drmomdiary 💜,false,9,667300,1091,21400000,2023-06-05T05:49:11.000000+0000,Public
6510083666160304130,drrezagladys,dr Reza Gladys,doctor.  owner @Glafidsya Skincare @Glafidsya Glow,true,154,7000000,1621,199700000,2018-01-12T08:49:30.000000+0000,Public
6804731766209807361,drrichardlee,"dr. Richard Lee, MARS, ph.D","dr. Richard Lee,MARS official account Aesthetic doctor @klinik_kecantikan_athena",true,153,6400000,2988,177400000,2020-03-16T09:14:37.000000+0000,Public
6733411899843314693,drshabduallah,شريف عبدالله - Sherif Abdallah,شريف عبدالله، دكتور بمجال تصنيع الدواء ، التواصل واتس فقط 01001014046,false,1,2100000,2003,23200000,2019-09-06T04:37:06.000000+0000,Public
6786123572127056897,drtrangiakhanhbs1,Bác sĩ Trần Gia Khánh Da Liễu,Cần tư vấn da tìm ZAHAN CLINIC trên F ở B ò Hotline đặt lịch khám trực tiếp:  039 336 9009 - HN hoặc 079 336 9009 - HCM,true,532,716800,3110,4300000,2020-01-26T05:45:19.000000+0000,Public
6789620921390269445,ecenazucer,Ecenaz Üçer,İnstagram: @ecenazucer ecenaz.ucer@gamesmedya.com,true,162,937000,256,7200000,2020-02-04T15:56:49.000000+0000,Public
7498662942151214097,ekaprana.sutan,Dokter Ekaprana Sutan,"Spesialis Penyakit Dalam, Konsultasi  -> WA : 081362053528",false,324,21400,790,123700,2025-04-29T09:21:59.000000+0000,Public
6710781623627908097,ekidarehanf,Ekida,IG @ekidarehanf ☺️ Medical Doctor 💉 For Business Inq WA 📲 +62 851-1155-0599 ⬇️ SPlLL LlNK DI Bl0 lG AKU,true,3560,1400000,2382,86000000,2019-07-07T05:00:04.000000+0000,Public
6793326307972809729,embull_the_circle.real,embull_the_circle.real,"CEO of ""PAAHHHH embull niihhh” BA @Mr.Vet Indonesia Video harian embull di IG ya",false,458,2600000,3696,72300000,2020-02-14T15:35:36.000000+0000,Public
7343157430551036934,evoke.indonesia,Evoke,Sabun rasa skincare 🛀 shop now👇🏻,false,1,114600,680,3700000,2024-03-06T08:01:11.000000+0000,Public
6877198609813865473,fainna.safitri,Fainna Safitri | Psikolog,Psikolog Bandung  ✨ Counseling | Talkshow | Training ✨ Mental Health • Parenting • Work-Life Harmony ☎️ 085861576676  Outfit & Beauty inspo at my showcase ⬇️,false,73,17300,259,193500,2020-09-27T16:02:58.000000+0000,Public
7249714467510961154,fairjuliatiktok,fairjuliatiktok,Health and Personal Care | Live Commerce Host,false,1365,36500,2240,105300,2023-06-28T12:34:45.000000+0000,Public
7157128675249996826,fajaristikomah,Dokterhewan,No bio yet,false,3828,35600,535,481600,2022-10-22T00:34:36.000000+0000,Public
19884358,fauzaannibras,Fauzan Nibras | Dokter Gen Z,kemasan gen z dalam bentuk dokter 🙏 10k in gasii daget deh ig:fauzaannibras/link di bawah 👇,false,230,12300,214,4200000,1970-01-01T00:00:00.000000+0000,Public
6921378121346532353,felixwinata15,dr. Felix Winata,"Ocehan seputar Estetik dan pribadi✌️ 📍SBY / JKT , ID",false,152,10600,39,72500,2021-01-24T17:22:02.000000+0000,Public
7005842339525674011,fransherywidjajamd,FransHerywidjaja MD,"Eye rejuve specialist ,  has handled more than 1100 eyebag cases and will stop after 2000 cases Korean ,Taiwan Sertificate",false,545,425200,2297,5100000,2021-09-09T08:06:21.000000+0000,Public
7050075919487501338,gelarsramdhani,Dokter Gigi Gelar S. Ramdhani,"drg. Gelar S. Ramdhani, Sp.RKG Majalengka, Jawa Barat Grup WA 0813-2214-3148",false,640,12600,231,232500,2022-01-06T12:55:14.000000+0000,Public
6765512476190376961,gerryprayudi,Gerry Prayudi,"",false,20,127200,21,5400000,2019-12-01T16:43:44.000000+0000,Public
7242139761241621510,giapratamamd,dr. Gia Pratama,[Akun TikTok Official dr. Gia Pratama] Pengabdi Kemanusiaan. Penulis #GiaStory,false,33,1200000,518,21600000,2023-06-08T02:41:02.000000+0000,Public
7408415868847555589,glad2glow.cleansing,Glad2Glow.Live,"G2G Official Store Kulit Bersih Maksimal, Glowing Natural! #Let'sGlowTogether",false,0,131400,1688,1100000,2024-08-29T04:37:15.000000+0000,Public
7158760513119552539,gmeelan.official.shop,GMEELAN.Official.Shop,"Explore the World, Save Skin From Dullness",false,69,1700000,248,12300000,2022-10-26T10:06:58.000000+0000,Public
7593263823508079632,hailafnpcoo,deakesehatan,semoga yang follow orang tua SEHAT banyak REZEKI 😇🤲,false,2,41800,26,98600,2026-01-09T07:41:43.000000+0000,Public
102314844283883520,haneenelosaime,Neenaaa🦋 حنين العصيمي,🇲🇦/🇸🇦 📍🇪🇬 شايفاك ياللي مش عاملي فولو عالinstagram😡 🍉❤️ MINI Dr.👩🏻‍⚕️,false,1117,899800,2438,43000000,1970-10-03T17:13:51.000000+0000,Public
7235574585882035246,hannah_bhiatt,hannah_bhiatt,doing a little bit of everything and somehow making it work 🤩 💌dave.valkenburg@grail-talent.com,true,0,583000,1839,14500000,2023-05-21T10:04:48.000000+0000,Public
7007502664344044549,hatemsettin,Hatem settin حاتم ستين,طبيب الخيل 🇪🇬horse doctor Biggest influence about horses in the world,true,21,3200000,851,39300000,2021-09-13T19:29:15.000000+0000,Public
6901620386871100418,hnh.skincare,H&H Skincare,HNH Skincare by dr.Kamila Jaidi Konsultasi Dokter Gratis--> 08111189249,true,24,1500000,4889,6800000,2020-12-02T11:31:56.000000+0000,Public
6796691718349227010,huyyybe,Huyybe,Dr for work Huyybe@gmail.com IG: Huyybe,false,332,148400,620,5300000,2020-02-23T17:15:07.000000+0000,Public
6784508916287800325,ideale_dental,Стоматологія IDEALЕ🦷❤️,"Лікуємо карієс, вирівнюємо прикус , безболісно видаляємо зубки мудрості ультразвуком, ставимо вініри, лікуємо уві сні дорослих і діточок і все це з гумором🦷❤️",true,14,3100000,1734,71000000,2020-01-21T21:19:37.000000+0000,Public
7400593516920226821,ikhsanqthii,"Ikhsanqthii, MD",(Memang) Dokter Tonton Podcast aku disiniii 👇,false,183,973100,1312,104800000,2024-08-08T02:42:31.000000+0000,Public
7025324822026044421,iliridak,Ilirida krasniqi,Master of science in dental surgery Contact: Contact@iliridastudio.com IG: iliridakrasniqi,false,184,180200,477,5700000,2021-10-31T20:08:20.000000+0000,Public
6948732932094624770,immacantikkk,Dokter Bingung 🦄💊💉👩🏻‍⚕️🩺,sukanya ngasih tauk🫰🏻 CP : DM IG (immacantik),false,209,147400,874,3700000,2021-04-08T10:32:41.000000+0000,Public
6763441545574499329,immanuelgawi,Dokter imm,IG : immanuelgawi_,false,123,139000,4532,3100000,2019-11-26T02:47:28.000000+0000,Public
7331769732318725125,info.diabetes,Edukasi Kesehatan,Solusi KESEHATAN pada Tubuh Anda konsultasikan - JOINlive Wa 0889 7103 0934,false,846,25500,1387,2400000,2024-02-04T15:31:05.000000+0000,Public
7136007248874521606,info.kesehatan.idn,Info Kesehatan IDN,Menyajikan Informasi Seputar Kesehatan,false,2,40200,502,362500,2022-08-26T02:32:40.000000+0000,Public
7458607621713871873,info.kesehatanid,Info KesehatanID,Clipper Edukasi kesehatan yang berharap bisa memberikan manfaat 🌻,false,61,57400,202,2900000,2025-01-11T10:46:53.000000+0000,Public
7269977113163154437,info_bnnri,Badan Narkotika Nasional RI,📞 Call center 184,true,164,59200,1290,478400,2023-08-22T03:04:10.000000+0000,Public
7158073038398538778,infokesehatan12,INFO KESEHATAN DAN KECANTIKAN,"",false,0,31100,577,411200,2022-10-24T13:39:12.000000+0000,Public
7147678979838723099,informasikesehatanpublik,INFORMASI KESEHATAN,Segala jenis herbal untuk kesehatan 🌱 Hidup Sehat dengan Herbal 💚 Alami • Aman • Terpercaya 📦 Ready Stock 👇 Klik Keranjang Kuning,false,123,35100,6,335600,2022-09-26T13:24:57.000000+0000,Public
7620143629038715924,ini.dokter.rakima,Raki | Math Doc,"• Math Education (I'm the god of math😈) • Video Editor (amateur) • never being alone, cuz you all here :3 • true Rival of @Jerome Polin😈😈",false,746,13500,118,841900,2026-03-22T18:09:05.000000+0000,Public
106223992222425088,isnamarantika,isna marantika,LIVE SETIAP HARI kreator Beauty & Health personal care CURI VIDEO DENDA,false,10,43700,1826,136800,1970-10-14T06:03:20.000000+0000,Public
7003217523730826267,itsdoktermuda,dr Rudi Itsdoktermuda,"Medical | Mind | Faith Full time husband, part time doctor",false,287,217200,644,11300000,2021-09-02T06:20:43.000000+0000,Public
6896476668358755330,jamilatussadiyah,Jamilatus Sadiyah,"Bidan, Founder @bumilpamil.id 😍💕",false,221,201700,427,3700000,2020-11-18T14:51:41.000000+0000,Public
7432885044828374034,jashmine666,Jashmine Bodycare,HB Anggur Ungu ORIGINAL HB Anggur kuning  KODE ORI AGR004001 LIVE SETIAP HARI ❤️‍🔥 ORIGINAL 1 BOTOL PUTIH,false,463,15000,1639,28200,2024-11-03T03:10:09.000000+0000,Public
6807700293590664194,jiemiardian,Jiemi Ardian,Psychiatrist | Trauma Therapist Help you heal with Trauma Processing Therapy®,true,321,365300,708,8600000,2020-03-24T09:14:01.000000+0000,Public
6532003486077288450,juanchimy,Juan Lopez,✨La parte divertida de la medicina 🩺 Colaboraciones⬇️ Juancollab@outlook.com,false,402,3900000,600,201800000,2018-03-12T10:29:36.000000+0000,Public
6791263545519588353,kakell01,KakEll01,"",true,0,1600000,2902,13700000,2020-02-09T02:11:02.000000+0000,Public
6574752691255394309,kanou.dental,Dokter gigi denpasar,DOKTER GIGI DENPASAR booking langsung chat WA+62858-0900-9191 visit IG: @kanou.dental,false,6,26400,271,1200000,2018-07-05T15:18:20.000000+0000,Public
202959101717557248,kashfiaaaaa,DrAmina هَ,Doctor💉 Leo🦁 Behave or Get Kicked🤬,true,151,1700000,446,32700000,1971-07-01T22:24:58.000000+0000,Public
7265706710199043077,kawankesehatan,Kawan Kesehatan,"",false,4,66100,1050,476000,2023-08-10T14:52:49.000000+0000,Public
7094872598483502085,kdmbapakaing2026,News KDM Kang Dedi Bapak Aing,"",false,1,10400,85,265300,2022-05-07T06:09:13.000000+0000,Public
7366524132794450950,kedailelongmotosikal_my,KEDAI LELONG MOTOSIKAL TRUSTED,"OFFICIAL ACCOUNT ""Kedai Lelong Motosikal"" Nak Order Sila Join Kt Telegram Group",false,0,48500,2,131800,2024-05-08T07:15:55.000000+0000,Public
6955752173880542210,kemenkesri,Kementerian Kesehatan RI,Akun resmi Kementerian Kesehatan RI HALO KEMENKES 1500567,true,0,337800,822,4500000,2021-04-27T08:30:55.000000+0000,Public
6883242557967877121,kennetheugenee,kennetheugenee,Dentistry student 🦷👨‍⚕️ DENTAL COASS Gym enthusiast 💪🏻😤,false,81,143900,99,7000000,2020-10-13T22:56:35.000000+0000,Public
7408731250116183046,kesehatan.01,kesehatan.01,"",false,1,16400,1,24600,2024-08-30T01:01:05.000000+0000,Public
7034856525261358081,kesehatan112,welcome,di follow ya teman² siapa yang follow di beri rejeki umur panjang sehat selalu,false,41,98400,46,437100,2021-11-26T12:36:12.000000+0000,Public
7200636091559396379,kesehatanalami50,SEHAT ITU MAHAL,"",false,0,53400,787,374300,2023-02-16T06:25:35.000000+0000,Public
7190060654538523649,kesehatanalamiah,KesehatanAlamiah,"",false,2,65300,2258,477500,2023-01-18T18:27:30.000000+0000,Public
7059987134992417793,kesehatanituberharga,Video Klip Edukasi,cek dibawah untuk cari obat herbal tanpa efek samping berlegalitas BPOM & HALAL,false,245,73700,198,1400000,2022-02-02T05:55:48.000000+0000,Public
7259254244083057669,kesehatantien5,Kesehatan Tien,"😍Berbagi edukasi kesehatan, tips hidup sehat, manfaat herbal, dan pola hidup alami dengan bahasa yang simpel dan mudah dipahami.",false,138,47600,245,240300,2023-07-24T05:33:58.000000+0000,Public
7540241590443377672,kesehatantubuh.id,kesehatantubuh.id,Rahasia tubuh sehat 🍃,false,0,16700,109,179100,2025-08-19T10:28:22.000000+0000,Public
7210231804576416794,kimorabless,EDUKASI  KESEHATAN,No bio yet,false,63,13100,116,28000,2023-03-14T03:01:51.000000+0000,Public
6796841458764694530,klikdokter_id,KlikDokter,"Yuk #JagaSehatmu 💪🏻 Info Sehat, Tanya Dokter, Belanja Sehat & Health Tools ⬇️",true,5,333800,1078,2600000,2020-02-24T02:56:11.000000+0000,Public
7281301447102202886,klinik.punokawan,KLINIK PUNOKAWAN,Live streaming 19.00-21.00 05-07 13.00-15.00..kosong8#12#17•18•88*98,false,2347,1500000,454,7500000,2023-09-21T15:28:22.000000+0000,Public
6784194874633634818,klinikhana,Klinik Hana by Dr Aina,From Our Clinic To Your Skin  Formulated By Skin Doctor  🏥 Certified Skin & Medical Aesthetic Clinic(LCP) Lesen Pengiklanan KKM KKLIU 2428 / EXP 31 December 28,false,57,122100,4890,408100,2020-01-21T01:00:59.000000+0000,Public
7193504875048403970,klinikpakarrawhah_,Klinik Pakar Rawhah Shop,📍O&G And Paediatric Specialist Clinic 📍NOM. SSM :202201036612,false,750,96900,2054,173400,2023-01-28T01:12:50.000000+0000,Public
7203579889563452442,ko_rikko,DOKTERMOTOR99⚡️,#TIMGACOR 🚀Tiap Hari Open 10.00-20.00 WIB 🚀 SOLUSI NO GIMMICK HUBUNGI ➡️ 0896-8622-2259 SPAREPART PAKAI @RTRSPEED OFFICIAL 🔥,false,9,138400,920,3300000,2023-02-24T04:49:02.000000+0000,Public
6783137396499776513,kubutuhdoktercinta,huruf pertama,"",false,73,119600,234,4600000,2020-01-18T04:37:26.000000+0000,Public
7189227562177496065,kxrinadine,Nadine Karin | Behel,"Behel, lasik, rekomendasi cute stuff, I share everything that i like! 🫶😋 📍Surabaya 📩 Business inq: +62 857-1160-1306 (Nisya)",false,173,26600,1091,3400000,2023-01-16T12:34:40.000000+0000,Public
7605194880033293330,labirin.tubuh,Labirin Tubuh,"",false,0,29800,110,1100000,2026-02-10T11:20:19.000000+0000,Public
6780288654813496325,lau.vet,Laura Londoño,"Médica Veterinaria YouTube, Cursos Virtuales y más 👇🏼",false,35,1200000,637,30600000,2020-01-10T12:22:51.000000+0000,Public
7023098482928305153,lili.kesehatanmental,Lili Harahap,Konseling Berbasis Psikologi Relasi | Pernikahan Pengembangan Diri | Karier Konsultasi: 0812-6834-377,false,334,104100,706,1300000,2021-10-25T20:09:00.000000+0000,Public
7260433921573241862,lorisbeautykediri,loriskediri,Buka setiap hari 09.00-19.00 Jl. Imam Bonjol No.362 Kediri  081.21714.8889,false,37,10500,709,217700,2023-07-27T09:51:43.000000+0000,Public
6850759305277539330,mahasiswakesehatan._,SPMB STIKES LUWU RAYA,Penerimaan Mahasiswa Baru Tahun Ajaran 2026/2027. Yuuuk Mendaftar Sekarang,false,149,18900,277,99500,2020-07-18T10:04:58.000000+0000,Public
6832180438091678722,masdoktel,mas dokter,ig : @masficc business and inquiries ⬇️ +6287718665870,false,173,147900,662,3400000,2020-05-29T08:29:28.000000+0000,Public
7245585165190972421,maz.dokter,Maz dokter,Kesehatan hewan dan ternak,false,14,13700,48,111400,2023-06-17T09:30:57.000000+0000,Public
6844745809302537218,medglowskincare,Medglow Clinic Skincare Dokter,𝐉𝐮𝐭𝐚𝐚𝐧 𝐌𝐚𝐬𝐚𝐥𝐚𝐡 𝐊𝐮𝐥𝐢𝐭 𝐏𝐚𝐬𝐢𝐞𝐧 𝐓𝐞𝐫𝐚𝐭𝐚𝐬𝐢🔥 🔬Medical Grade PDRN Salmon DNA®️ by MEDGLOW CLINIC  BPOM•HALAL Open Affiliator Reseller,false,6,2100000,1005,67300000,2020-07-02T05:09:32.000000+0000,Public
7054447860922401818,mediasehat,Mediasehat,Media Sehat - Solusi Kesehatan Kamu 📩 Admin : 085756230911,false,45,46100,670,88100,2022-01-18T07:40:36.000000+0000,Public
7055401237722891265,medis.id,medis.id,MEDIS SAUDI ⭐⭐⭐⭐⭐ Hajj Umroh Service #medis #handling #muthowif #tourleader #badalhaji #badalumroh #suntikstophaid #landarrangement #suntikinfusvitamin,false,18,10000,20,73200,2022-01-20T21:20:11.000000+0000,Public
7033744810552853505,melvinahusyanti96,OWNER DAVIENA SKINCARE,FOUNDER @Daviena Skincare Official @davienaclinic @Murah Nian Store,true,2268,11000000,1562,441000000,2021-11-23T12:42:11.000000+0000,Public
6787740724751713281,menjadimanusia.id,Menjadi Manusia,Beli e-book kumpulan cerpen di bio 👇🏻,false,0,437300,1107,13000000,2020-01-30T14:20:41.000000+0000,Public
7394058846048896006,mesenic.id,mesenic,"",false,6,20800,587,45200,2024-07-21T12:04:40.000000+0000,Public
7234587580851307526,midkidvietnam,Midkid Store,Midkid - Bảo vệ từ chiếc răng đầu đời của bé Livestream hằng ngày: 9:00 - 23:00,false,0,20600,514,20300,2023-05-18T18:14:43.000000+0000,Public
7177211213321864194,minhtrithu_y,Cửa Hàng Thuốc Thú Y Minh Trí,THUỐC GÀ ĐÁ  Z.I 0.9.7.7.0.9.6.3.0.9,false,1528,57700,2157,547700,2022-12-15T03:25:06.000000+0000,Public
6805414303999575041,mizaafrizal,Miza Afrizal,Pediatrician Rsia tumbuh kembang @klinikkecil  Business: +62 89674879591 (fina),false,187,99900,109,1400000,2020-03-18T05:23:12.000000+0000,Public
7283454065915610113,mrvet.vn1,MR. VET Vietnam,Dòng hạt HOLISTIC đảm bảo dinh dưỡng tối ưu cho mèo 💙,false,37,26100,1197,172100,2023-09-27T10:41:38.000000+0000,Public
7489359132513469458,mrvetph,MR.VET Philippines,"BAI REGISTERED 🇵🇭 FDA, ISO, HACCP, BRCGS ✅ Available in 🇻🇳🇹🇭🇮🇩🇲🇾",false,8,60100,610,155400,2025-04-04T07:38:27.000000+0000,Public
6719095066081084418,mudacumasekali,mudacumasekali,"Become creator, gain social currency, sell digital product, escape the rat race 🐀 Business Inq: 082210099954 (Dio)",false,622,614300,1543,10300000,2019-07-29T14:40:29.000000+0000,Public
6806668939722441729,mutiirawannn,drh. mutiara🩺🐾,"journey of new vet, one paw at a time👩🏼‍⚕️🐾",false,226,31100,153,2700000,2020-03-21T14:31:50.000000+0000,Public
6641626548162478086,nabhanmasry,دكتور نبهان,🇸🇾🇸🇦 For business : Doctor.nabhan@gmail.com ضفتني ؟ خذ تفاحة 🍏 حساباتي 👇🏻ضيفوني,true,69,6200000,1390,109600000,2019-01-01T20:23:04.000000+0000,Public
7239878046902617093,naglesthoj,Nag Les Thoj,꧁*TSHUAJ KHO ZOO PLAB MOB}*꧂ HMOOB:LÀO CAI_FB: Nag Les Thoj GIỜ LIVE : 6: GIỜ 35 PHÚT TỐI,false,1090,389100,4307,8300000,2023-06-02T00:24:25.000000+0000,Public
6823638199283303425,natashaskincare.id,Natasha Skincare,Official Tiktok Natasha Skincare,false,27,193800,4181,1400000,2020-05-06T08:01:14.000000+0000,Public
6958158540029395970,ngajilagi.id,ngajilagi.id,Pengen les baca Al-Qur'an dibimbing tutor profesional. Daftar lewat sini ya😃👇🏻,false,0,1700000,1036,23600000,2021-05-03T20:08:51.000000+0000,Public
7205452946934891525,ngobrolkesehatan,Si Paling Sehat,Asam Lambung & GERD Enthusiast✨ Share cerita kalian (DM) 🎙️ #SiPalingSehat ‼️,false,4,85100,546,7500000,2023-03-01T05:57:27.000000+0000,Public
7223762584222106632,nguyentay217,Thuốc Thú Y,"",false,9979,10900,16000,91800,2023-04-19T14:08:12.000000+0000,Public
6532039246599946242,nichosaputranugraha,Nicho Saputra Nugraha,Clinical Nutrition Resident UI @Ninchoid @Rumah Gizi  Official Health Influencer @Secret Clean  CP +62 821-8506-7181 (Nina),true,285,822300,1789,49800000,2018-03-12T12:48:22.000000+0000,Public
7077507088427860993,niningsuryani0808,Dokter Annora,Aesthetic Doctor  Founder of @annora_clinic 📲 O812-478O-4128,false,124,176700,173,6700000,2022-03-21T11:02:10.000000+0000,Public
6524647349690941441,novy_oktaviana,"dr. Novy Oktaviana, Sp. DVE","Dokter Spesialis Kulit Kelamin & Estetica  Founder : 👉Alzena Skincare Indonesia 👉DermaLink Skin Clinic 👉Dyaratu Salon, Nail Art & Spa",false,9994,339800,2760,4500000,2018-02-20T14:44:02.000000+0000,Public
7428240135436878853,nutrisi_anakcerdas,NUTRISI KESEHATAN ANAK.,Pusat Nutrisi anak Cerdas.  Kasih Tiens ZINC solusi GTM & stunting,false,29,15400,252,302800,2024-10-21T14:45:31.000000+0000,Public
6791088042981114882,nutrovet,Nutro Vet,"Oi, eu sou a Bárbara Veterinária Nutróloga Clica   👇🏻",false,0,177000,597,2400000,2020-02-08T14:50:00.000000+0000,Public
7365799287118185477,omgskincare.official,omgskincare.official,Skincare viral OMG Beauty,false,4,40600,1701,224600,2024-05-06T08:23:09.000000+0000,Public
6867492075539416065,onad___,DOKTER SEPATU,• Karna disetiap sepasang sepatu punya cerita 👟 • Reparasi • Ganti Sole • Reglue Cuma 189k • Jangan buang sepatu lo dulu! • Konsultasi & kirim sepatu 👇,false,600,128100,1051,4400000,2020-09-01T12:16:40.000000+0000,Public
61518720577130496,ongiel,Skincare w/ Jan Angelo,Helping Filipinos make INFORMED skincare decisions since 2020 ❤️,false,1448,487200,468,7100000,1970-06-15T18:44:03.000000+0000,Public
7483029144722474001,orangkaya_gadungan,D0KT€R - H€W@N,Brand Ambassador  SEGALA SESUATU YANG  TERJADI DI PERTIKTOKAN🤝,false,219,11000,772,241600,2025-03-18T06:14:52.000000+0000,Public
7242284736688030726,ownerumialfatih,UMi Al-Fatih Skincare,umi alfatih skincare,false,40,2900000,3003,103800000,2023-06-08T12:03:36.000000+0000,Public
6896264572760916994,paudpedia,Direktorat PAUD,"Akun Resmi Direktorat Pendidikan Anak Usia Dini, Kemendikdasmen",false,17,37200,840,153600,2020-11-18T01:08:39.000000+0000,Public
6744636092648276993,petshopdeeva,Deeva Pet Shop & Dokter Hewan,@verradeeva,false,464,16200,2078,361400,2019-10-06T10:32:42.000000+0000,Public
6937567817320367105,pusatlsskincare,LS SKINCARE REBORNOFFICIAL,Live Streaming 24jam  Affiliate Wellcome komisi 15%,false,146,205500,1997,512600,2021-03-09T08:26:20.000000+0000,Public
6776459035450672130,putramahmoud,𝓟𝓾𝓽𝓻𝓪🖤,Prince abdullah 🤴🏻,false,238,1100000,635,38500000,2019-12-31T04:41:58.000000+0000,Public
7625971163499938833,putrikesehatan,Putri Kesehatan,Akun Edukasi • Bantu Follow Yuk😇,false,11,11000,77,1032,2026-04-07T11:02:54.000000+0000,Public
6783923150134887425,qonitcah,Qonitcah,"Nursing, Universitas Indonesia Business / Endorsement: +62 857 1000 5818",false,1184,2200000,1375,69400000,2020-01-20T07:26:33.000000+0000,Public
7121220906633954330,raedaromatherapy.my,Raed HQ,Sinar Rezeki Global Sdn Bhd (1295027-P) 📍Raed Brand  👨🏻‍⚕️Formulation by Doctor Microbiologist ✔️HALAL Certified Products,false,851,152800,2104,2100000,2022-07-17T06:14:07.000000+0000,Public
6926633669496341509,reginald_santos,Reginald_Santos,"Lima, Perú  📩:reginald.santos2002@gmail.com",false,0,2600000,6609,1200000000,2021-02-07T21:16:15.000000+0000,Public
7399606263451681798,rentijanda,RENTI PIJIT KESEHATAN,pijit full body khusus di PEKANBARU RIAU aja Wa 6282178072752 buka 1 minggu 1 x saja IG @rentijanda,false,1977,13700,34,16600,2024-08-05T10:51:29.000000+0000,Public
7342363690878616583,resepdokter.id,Resep Sehat Dokter,Follow untuk Resep Kesehatan Setiap Hari.  Rekomendasi Produk.  👇👇👇,false,26,111500,1343,755100,2024-03-04T04:41:04.000000+0000,Public
7002555890894062594,review_skincarebysin,Review Skincare✨,Tukang Review Skincare💄💅🏻✨🌸 Semua produk disini 💯% ori ya guyss😍 ⚠️CURI VIDEO DENDA 100jt⚠️,false,309,45800,2221,2300000,2021-08-31T11:33:15.000000+0000,Public
6524439389917102082,rmalasaryyy,rmalasary,•ig|rmalasaryyy fb|rmalasary •💍 @Medis Susanto  •Semua yang dipake👇🏻,false,16,439400,2171,5000000,2018-02-20T01:17:02.000000+0000,Public
7052719533178930202,roozzaak,Dokter Gemoy,"🩺 (Kebetulan) Dokter 🩺 🗣️ Kadang edukasi, kadang random 🗣️ ❗️Cek keranjang, siapa tau butuh ❗️ 👇 Kerjasama👇",false,13,98400,1147,1900000,2022-01-13T15:53:48.000000+0000,Public
7290422845107307522,ruang.kesehatan.id,Ruang Kesehatan,"",false,0,10300,61,137800,2023-10-16T05:24:03.000000+0000,Public
6906868884004684802,ryanwinalda,Ryan Things,PROMO BULAN JULI 🥰 DISKON HINGGA 75 % Vitamin Anak & Dewasa ✅ Alat Kesehatan ✅ Klik showcase Dibawah ⬇️ endorse ig:@ryanwinalda,false,957,823400,3559,48800000,2020-12-16T14:58:47.000000+0000,Public
6567144657661444102,sabrinamaidaaah,Sabrina M | Psikolog,"Certified CBT Therapist Prepare/Enrich Facilitator for Couple 🎀 relationship, families & self",false,230,314600,4948,22000000,2018-06-15T03:15:17.000000+0000,Public
6911260300747817986,sahabatkesehatan,Sahabat Kesehatan,"Karena sendiri udah sepi, yuk bareng-bareng biar hepi #sehatbareng dari Kalbe !",false,7,23700,776,16600,2020-12-28T10:59:44.000000+0000,Public
7143424338690638875,sayoraraw,Malaikat Pencabut Gigi,dokter giginya para idol kesayangan kalian 📲 085223769050 Ben @sayoraraw,false,81,199800,531,13900000,2022-09-15T02:14:46.000000+0000,Public
7200629272108205083,sehatalaaku50,KESEHATAN BERSAMA,"",false,0,55400,681,345300,2023-02-16T05:59:08.000000+0000,Public
7617054073640862736,sehatjasmani4,SehatJasmani,"Mulai dari sekarang, bukan nanti Jaga tubuh = investasi hidup Sehat jasmani, hidup lebih berarti...",false,0,52500,93,219200,2026-03-14T10:20:02.000000+0000,Public
7237759061973664774,seruni.official,Seruni Skincare Store,Official TikTok Account of Seruni Brand Official  #BeYourFlowerToday🌷 Let's join grup clipper 👇🏻👇🏻👇🏻,false,4,915500,3254,6300000,2023-05-27T07:21:41.000000+0000,Public
7266006008424973317,sharingkesehatan,SK,bantu kamu sembuh dari sakit,false,3,103800,89,1100000,2023-08-11T10:14:15.000000+0000,Public
7158416469872149505,shashabudolera,Shasha Budolera,FOR ONLINE CONSULTS message @Doc Shasha MD  Partnerships: 📩shashabudolera@gmail.com Viber: +639271818164,false,2845,37100,3164,481300,2022-10-25T11:51:54.000000+0000,Public
6857872941456638978,skin.cantik,SkincareCantik,Skincare Buat Si Cantik,false,78,646800,8,9100000,2020-08-06T14:09:31.000000+0000,Public
7293089870422443050,skincare..011,Skin Care,"✨ Skincare Lover | Glow Journey 💧 Tips • Routines • Honest Reviews 🌿 Clear Skin, Healthy Skin Daily Glow 👇 please Follow and reposts videos",false,13,471400,54,1700000,2023-10-23T09:53:28.000000+0000,Public
6772889398327411713,skincareans,andin,"Beauty, Lifestyle, Travel ✈️🌎29 countries 📍Jakarta CP: 0851-5897-3392  0878-6477-6040",false,657,1100000,2288,64100000,2019-12-21T13:49:58.000000+0000,Public
6620079008561758210,skincaredungcach.byson,Skincare Đúng Cách,CHỈ CÓ kênh này và @Skincare Đúng Cách Meteam các kênh khác là giả mạo/ăn cắp đăng lại video‼️ For work: skincaredungcach.byson@znamedia.com,false,66,624200,652,9500000,2018-11-04T18:47:36.000000+0000,Public
6855069843005637637,skincarees,Skincarees,Skincare 💋tips tool 👇Link to pore vacuum👇,false,21,451500,96,6900000,2020-07-30T00:52:03.000000+0000,Public
6670129240568446977,skincere.nezma,skincare nezma,INI~AKUN~REAL~NEZMA~BAHAR skincere~nezma~produk~madura sampang~semoga~slalu~sehat~dan sukses~slalu~dan~banyak~recekinya amin~yarabbel~alamin~statusku~bersuami,false,9845,503400,10300,5300000,2019-03-19T15:48:04.000000+0000,Public
7229814976024757275,skinpacific.id,SKIN PACIFIC SKINCARE,🏆DERMATOLOGIST TEST & BPOM APPROVE,false,22,584900,228,287800,2023-05-05T21:34:34.000000+0000,Public
6844931334676481030,skndoctor,Dr Ewoma,award-winning cosmetic doctor  founder + contributing editor info@skndoctor.com shop my posts + book a call with me👇🏾,false,775,417700,819,9300000,2020-07-02T17:09:28.000000+0000,Public
7008507781608424475,solusikesehatan_id,Solusi Kesehatan 👨🏻‍🔬,Mari Ikhtiar Bersama untuk kesehetan kita dg menyimak video Jangan Lupa Follow❤,false,21,19200,18,110500,2021-09-16T12:29:37.000000+0000,Public
7050194696207123462,songofskin,Song Of Skin,Let Your Skin Sing —✨ K Beauty | Skincare   Find us songofskin.com - #songofskin,false,992,1400000,1449,67800000,2022-01-06T20:36:09.000000+0000,Public
7547595702764340225,spesialist.kesehatan,spesialist.kesehatan,"Karna sehat, hidup lebih bernilai 🤍",false,7,15900,99,41000,2025-09-08T06:06:05.000000+0000,Public
6781380936325153793,swanpedia,Swanpedia,5 tahun mengajar Skincare. Not medical Advice! Business : 0811-8881-8822,false,131,749800,1431,36100000,2020-01-13T11:01:28.000000+0000,Public
6531128801630863362,syamimhasni,syamimhasni,@Dr Zawani Animal Clinic  HELLO POSITIVE PEOPLE & NAHIA,true,451,1200000,499,25900000,2018-03-10T01:55:22.000000+0000,Public
6758782131021661186,tanyakandokter,TANYAKAN DOKTER,business/endorsement : 082147111323,true,130,729500,962,4700000,2019-11-13T13:26:33.000000+0000,Public
6795759557248467969,tentanganak.id,Tentang Anak,"🧑🏻‍⚕️Dikembangkan 65+ Dokter & Psikolog Anak  📲 Diunduh 1.5+ juta AyBun Kehamilan & Tumbuh Kembang Aman, Percayakan pada EXPERTnya❤️",true,6,1100000,2738,22700000,2020-02-21T04:57:51.000000+0000,Public
6897771306604954625,this.is.pras,Dokter Pras,"KONSULTASI GRATIS  Live 07.30, 12.00, 21.30 WIB Belajar bareng dr.Pras Join di",true,783,1400000,1583,13000000,2020-11-22T02:35:33.000000+0000,Public
7474450506443670529,tiksehat,Tik Sehat,DILARANG NYOMOT KONTEN/SCRIPT/VISUAL GAMBAR/ ATP ( Amati Tiru Plek ) USAHA DONG MIKIR KONSEP SENDIRI GAK NGIKUTIN KONSEP ORANG LAIN !!! Manage by @M U Z H ,false,1,196300,410,1900000,2025-02-23T03:25:22.000000+0000,Public
7203897051683521562,tipspsikologis,Tips Kesehatan,"Tips Kesehatan, Percintaan & Psikologis",false,25,69700,1072,598400,2023-02-25T01:19:47.000000+0000,Public
6920519822082999298,tirtacipeng,Tirtaaaaaa,"Hobi bahas sepatu, kesehatan dan olahraga",true,1197,2700000,1417,60700000,2021-01-22T09:51:24.000000+0000,Public
7216659399501956123,tomskincare,tomskincare,KHÔNG NHẬN BOOKING ✨Glow up✨ Hỗ trợ khách hàng và công bố KQ giveaway: @TomSkincare Support,false,275,631700,294,9800000,2023-03-31T10:44:13.000000+0000,Public
6959344937372730369,tribunhealth,TribunHealth,Situs Media Kesehatan Tribun Network Website :,false,6,85000,5565,848000,2021-05-07T00:52:41.000000+0000,Public
7148320706995962886,trtdiyanetcocuk,TRT Diyanet Çocuk,Hoş geldiniz! 👋🏼 Kalplere yolculuğumuzda bize eşlik edin! ❤,true,8,200300,1121,1300000,2022-09-28T06:55:11.000000+0000,Public
7176510087346979867,tuntasmurni,Jaga kesehatan!!,"",false,15,27500,626,145900,2022-12-13T06:04:22.000000+0000,Public
7159577381635572742,twindentists,twindentists,Hussein & Hassan – Identical Twins 🧬  Dentists 🦷  IG: twindentists,false,2,166600,263,4400000,2022-10-28T14:56:50.000000+0000,Public
6792838906506363906,tyanars_,𝐆𝐀𝐃𝐈𝐒𝐏𝐔𝐑𝐖𝐎𝐊𝐄𝐑𝐓𝐎,"𝑴𝒆𝒓𝒕𝒊𝒂𝒏𝒂 𝑹𝒊𝒛𝒌𝒊, 𝑺.𝑲𝒆𝒃.,𝑩𝒅𝒏ᥫ᭡ 𝐈𝐆 @𝐭𝐲𝐚𝐧𝐚𝐫𝐬_ 𝐂𝐏 : 𝟎𝟖𝟕𝟕-𝟔𝟏𝟎𝟗-𝟒𝟗𝟔𝟕",false,197,91200,2742,2700000,2020-02-13T08:04:14.000000+0000,Public
6709262576755000322,undcdentalaesthetic,Dokter gigi UNDC,dunia wulan ig: wulandkiw 💸 ig: katalogdentistry.official,false,441,22500,1720,1600000,2019-07-03T02:45:24.000000+0000,Public
6928910870982820865,user1234_5553,.,newbie affiliate🛍️,false,48,12900,18,1846,2021-02-14T00:32:57.000000+0000,Public
7169201093292885018,varelnandika,Varel Nandika,CEO PT Tulang Punggung Drama Indonesia. Business inq 📩 IG @Suneeday Creative,false,28,3000000,433,99600000,2022-11-23T13:21:45.000000+0000,Public
6925481913356420102,veterinarysecrets,"Andrew Jones, DVM",Free e-book⬇️,false,1483,929800,1130,9200000,2021-02-04T18:46:51.000000+0000,Public
6906755663272150018,windymayang_,windy mayang,KLINIK PRATAMA 10 CABANG  @WM CENTER,false,231,478700,1177,5800000,2020-12-16T07:39:26.000000+0000,Public
6776238651812627458,wishdrboyke,Wish by Dr. Boyke,Kesehatan Pasutri GRAHA WISH Tebet - Jakarta,false,4,276100,469,2000000,2019-12-30T14:26:46.000000+0000,Public
6760542369567966210,xuanca._,Xuan Ca,Dr for work: Instagram,true,478,2800000,1154,145800000,2019-11-18T07:17:11.000000+0000,Public
6858406332136719361,yuliabaltschun,Yulia Baltschun,Certified DIET Educator Penulis Buku I HATE DIET Mom of 2 Baby Boys,false,94,459400,129,4800000,2020-08-08T00:39:20.000000+0000,Public
7515765104400450561,zhafira_klinik,Dokter Gigi & Umum Ternate,"Kampung Makassar, Ternate Dokter Gigi & Umum ⏰Buka Senin-Sabtu : 12.00-21.00",false,0,19000,49,1200000,2025-06-14T11:27:06.000000+0000,Public
7599240696189568001,ziomama.jouney,Zio dan Mama,🌿 Ruang Cerita Zio 🎥 AI + Real Life Kids Activity 💡 Edukasi | Petualang,false,31,121800,303,658000,2026-01-25T10:15:02.000000+0000,Public
6853990396235924481,zoevana,OWNER BYZOE SKINCARE,Hidup cuma sekali Jadilah orang baik,true,529,395400,1359,8600000,2020-07-27T03:03:15.000000+0000,Public
7275759053383484421,zonakesehatan.id,Zona Kesehatan,Info produk kesehatan berkualitas klik dibawah ini. Banyak PROMO & bisa COD ⏬⏬⏬⏬,false,112,59400,1302,638000,2023-09-06T17:01:03.000000+0000,Public
6928370566664012802,zudanariffakrulloh,Zudan Arif Fakrulloh,Prof.Zudan Arif F DIRJEN DUKCAPIL 2015-2023. SEKRETARIS BNPP PJ Gubernur SULSEL,true,157,508400,1226,3800000,2021-02-12T13:36:18.000000+0000,Public
