username,following,followers,likes,bio,display_name,is_verified,avatar_url,scraped_at
aliphildan,257,421800,38700000,📍JKT Doklip dari universe lain🤸🏻‍♂️🪐 kadang dokter kadang pasien,Doklip✨ | Alip Hildan,False,,2026-09-02T10:16:10.489466
aymanalts,352,2000000,186400000,dr. Ayman Alatas Sp.MK Skin and Gut Microbiome expert,Ayman Alatas,False,,2026-09-03T10:02:49.704974
dionharyadi,80,502300,18800000,👇Business/Event Inquiries WA 0823‑8172‑8283 (Valent)👇,dr. Dion Haryadi,False,,2026-09-03T14:30:17.042184
dokter.reni.anak,166,29400,135600,✨Dokter Spesialis Anak & Konselor Laktasi✨ Praktek: Jl Batununggal Mulia XII no 44 Bandung. Reservasi (adm): 0895-35188-4622,"dr. Reni Fahriani, SpA",False,,2026-09-03T17:46:07.600555
dokter_ika,187,2600000,65300000,Kulit Sehat bersama dr.Ika STOP Penyalahgunaan obat keras Awas Merkuncrit ☠️ SEHAT YUK ❤️,dr. Ika,False,,2026-09-03T18:02:12.957856
dokteramiraobgyn,376,2300000,59700000,Dokter obgyn pedalaman RSUD Fakfak Papua Barat IG: AMIRAALI (amira.abdat19),"dr.Amira,SpOG",False,,2026-09-03T18:31:13.856662
doktergigitantri,66,30700,863000,"Do what’s right, not what’s usual🫶🏻 ❌No online consults❌ Dental care happens in person, not in DMs",Drg.Tantri,False,,2026-09-04T00:29:31.016080
doktermatahendra,0,154100,540500,👁️ Bikin mata tetap sehat sampai tua 🎥 Edukasi kesehatan mata 👍 Bantu 10.000+ mata 👨🏻‍⚕️ LASIK | SMILE | Katarak | Retina 📍Makassar | WA👇 082151116141,doktermatahendra,False,,2026-09-04T00:34:27.861765
dr.deamaulidia,1285,29400,501300,Hobi Jalan2 sama bocil 💕 dokter Konsultan Laktasi & Konselor MPASI Sharing seputar Ibu dan Bayi IG: @deamaulidia Konsultasi klik ⬇️,dr.Dea♥️ Dokter Laktasi,False,,2026-09-04T07:51:54.858151
dr.ziee,10,1800000,63400000,"Skincare,Aesthetic Expert & Millenial Mom CP : Christina-081337466678","dr. Yessica Tania,dpl AAAM",False,,2026-09-04T08:21:18.514516
drgfira,214,21700,656200,🦷A Passionate Mom-Dentist 📍Malang | 0857-0480-6174,drg. Fira | Dokter Gigi Malang,False,,2026-09-04T09:23:39.484332
\drrichardlee,153,6400000,177800000,"dr. Richard Lee,MARS official account Aesthetic doctor @klinik_kecantikan_athena","dr. Richard Lee, MARS, ph.D",False,,2026-09-04T09:57:15.462772
itsdoktermuda,311,217300,11500000,"Medicine | Mind | Faith Full time husband, part time doctor stuff I make, write & share ↓",dr Rudi Itsdoktermuda,False,,2026-09-04T11:51:26.589555
dokter.harmonospanak,343,19500,87300,"dokter Harmono PD Sp.A, konsultasi gratis , gabung grup 2 WA: 👇👇👇 https://chat.whatsapp.com/Hu0g4vbySMJCRbdgC6jHZq?s=cl&p=a&mlu=4",dokter Harmono PD Sp.A,False,,2026-09-05T00:31:45.803453
dokternadiyah,7,117200,1900000,"20th Spesialis Obgyn👩‍⚕️ Rutin berbagi tips kesehatan perempuan, ibu & anak 💡","Dr. dr. Nadiyah, Sp.OG",False,,2026-09-05T00:36:21.785401
guru.bidan.wulan,921,179000,5600000,Bidan MOM UUNG 💚,GuruBidanWulan,False,,2026-09-05T12:44:14.620887
drkevinmak,145,4200000,115700000,💊 Dokter Vitamin & Suplemen 🧬 Bantu kamu ga salah pilih vitamin ⬇️ Cek ini dulu sebelum kamu beli vitamin,dr. Kevin Mak,False,,2026-09-05T16:48:26.409465
drrichardlee,153,6400000,177800000,"dr. Richard Lee,MARS official account Aesthetic doctor @klinik_kecantikan_athena","dr. Richard Lee, MARS, ph.D",False,,2026-09-05T20:35:11.906544
farhanzubedi,250,2500000,99000000,@Love Signs The Series Love Signs - 6 Sep,Farhan Zubedi,False,,2026-09-05T20:39:12.218862
gelarsramdhani,677,12800,237600,"drg. Gelar S. Ramdhani, Sp.RKG Majalengka, Jawa Barat Grup WA 0813-2214-3148",Dokter Gigi Gelar S. Ramdhani,False,,2026-09-05T20:42:43.597893
giapratamamd,36,1300000,22600000,[Akun TikTok Official dr. Gia Pratama] Pengabdi Kemanusiaan. Penulis #GiaStory,dr. Gia Pratama,False,,2026-09-05T20:47:05.973135
ikhsanqthii,186,974300,107600000,(Memang) Dokter Tonton Podcast aku disiniii 👇,"Ikhsanqthii, MD",False,,2026-09-05T20:51:11.271760
jamilatussadiyah,222,202500,3800000,"Bidan, Founder @bumilpamil.id 😍💕",Jamilatus Sadiyah,False,,2026-09-05T21:00:16.739793
roozzaak,14,99400,1900000,"🩺 (Kebetulan) Dokter 🩺 🗣️ Kadang edukasi, kadang random 🗣️ ❗️Cek keranjang, siapa tau butuh ❗️ 👇 Kerjasama👇",Dokter Gemoy,False,,2026-09-05T21:04:15.331747
spesialist.kesehatan,7,16000,41700,spesialist.kesehatan,False,,2026-09-06T23:38:22.744489,
tirtacipeng,1219,2800000,64600000,Tirtaaaaaa,False,,2026-09-06T23:50:00.674989,
wishdrboyke,4,278300,2000000,Wish by Dr. Boyke,False,,2026-09-07T02:21:03.741999,
bidancynthia,158,839900,29600000,Bidan Cynthia,False,,2026-09-07T03:08:40.604479,
drhans_spesialisanak,,,,Access Denied,False,,2026-09-07T15:44:47.309864,
nisaobgyn,532,84300,672500,"dr. Nisa Fathoni, SpOG, IBCLC",False,,2026-09-07T18:38:35.543089,
nadialaydrus,337,1400000,57800000,Nadia Alaydrus,False,,2026-09-07T18:39:54.384448,
doktervito,45,53000,477200,Dokter Vito,False,,2026-09-07T21:31:27.891675,
dr.saddam_ismail,,,,Access Denied,False,,2026-09-07T21:35:10.098357,
jiemiardian,321,365600,8700000,Jiemi Ardian,False,,2026-09-08T16:12:02.413995,
dr.ndreamon,146,124400,2800000,Andreas Kurniawan | Psikiater,False,,2026-09-08T16:46:45.569685,
drluckyspa,375,623200,5800000,dr. Lucky Sp.A,False,,2026-09-08T17:00:02.299979,
zickyneuro,33,256600,1600000,"Dr. Zicky Yombana, SpN",False,,2026-09-08T17:15:44.946983,
putriemje,319,294100,7200000,"Putri MJ, S.Gz | Ahli Gizi",False,,2026-09-08T17:25:26.193111,
ekidarehanf,3667,1400000,86700000,Ekida,False,,2026-09-08T17:50:51.872448,
meta.hanindita,297,68000,279400,meta.hanindita,False,,2026-09-08T19:14:23.478014,
reisabrotoasmoro,159,207600,1300000,Reisa Broto Asmoro,False,,2026-09-08T19:22:32.519477,
fauzaannibras,233,13200,4500000,Fauzan Nibras | Dokter Gen Z,False,,2026-09-08T20:19:26.963922,
dr.zulvia.syarif.spkj,210,403700,6700000,dr. Vivi Syarif Psikiater,False,,2026-09-08T21:51:20.477066,
doktermedok,37,841200,14400000,Dokter Medok,False,,2026-09-08T22:48:31.848208,
citra_amelinda,45,40300,224900,"Dr Citra SpA, IBCLC, MKes",False,,2026-09-09T00:21:22.005114,
dr.mariojohan,1394,1100000,45100000,dr. Joee - BONGKAR FAKTA,False,,2026-09-09T00:23:01.454107,
dokterprasadja,832,48500,350900,"dr. Andreas Prasadja, RPSGT",False,,2026-09-09T00:36:44.606904,
